{
    "Research_direction": "研究方向：自旋电子学、半导体器件设计。以低维尺度的半导体材料为研究对象，揭示半导体材料在原子尺度上的物理图像及机制，研究探索新型半导体材料的光电磁等性质，在此基础上设计一些新的信息功能材料，为进一步的自旋电子学器件的设计和生产提供理论依据和指导。相关工作发表SCI期刊论文40余篇（20多篇影响因子大于3.0），其中以第一作者或通讯作者在Nano Letter、J. Phys. Chem. Lett、Nanoscale、J. Mater. Chem. C、Appl. Phys. Lett等SCI期刊发表论文17篇，所发表的论文SCI他引超过500次。",
    "Paper": "代表性论文(第一作者和通讯作者)：1. Fang Wu, Chengxi Huang, Haiping Wu, Changhoon Lee, Kaiming Deng, Erjun Kan, and Puru Jena, Atomically Thin Transition-Metal Dinitrides: High-Temperature Ferromagnetism and Half-Metallicity, Nano Lett, 15, 8277-8281 (2015).2. Fang Wu, Yunfei Liu, Guanxia Yu, Dingfeng Shen, Yunlu Wang and Erjun Kan,Visible-Light-Absorption in Graphitic C3N4 Bilayer: Enhanced by Interlayer Coupling , J.Phys. Chem. Lett. 3, 3330 (2012).3. Fang Wu, Erjun Kan, Hongjun Xiang, Su-Huai Wei, Myung-Hwan Whangbo and Jinlong Yang, Magnetic states of zigzag graphene nanoribbons from first principles, Appl. Phys. Lett, 94, 223105 (2009).4. Fang Wu, Jing Huang, Qunxiang Li, Kaiming Deng, and Erjun Kan, Coexistence ofmetallic and insulating-like states in graphene, Sci. Rep. 5, 8974 (2015).5. Fang Wu, Erjun Kan and Xiaojun Wu, \"Site-selected doping in silicon nanowires by an external electric field, Nanoscale, 3, 3620-3622 (2011).6. Qiushi Yao, Min Lu, Yongping Du, Fang Wu, Kaiming Deng and Erjun Kan, Designing half-metallic ferromagnetism by a new strategy: an example of superhalogen modified graphitic C3N4, J Mater Chem C, 6, 1709 (2018).7. Fangfang Wang, Qiushi Yao, Liyu Zhou, Zhen Ma, Mingxue He and Fang Wu, Theoretical understanding of SnS monolayer as Li ion battery anode material, J. Phys. Chem. Solid, 121, 261 (2018).8. Fang Wu, Xiangjun Chen, Xu Shan, Shan Xi Tian, Zhongjun Li and Kezun Xu, Conformational Stability of 1-Butene: An Electron Momentum Spectroscopy Investigation, J. Phys. Chem. A, 112, 4360 (2008).9. Fang Wu,Erjun Kan, Chuan Tian and Myung-Hwan Whangbo, Theoretical Analysis of the Spin Exchange and Magnetic Dipole-Dipole Interactions Leading to the Magnetic Structure of Ni3TeO6, Inorg. Chem., 49, 7545 (2010).10. Fang Wu, Erjun Kan and Myung-Hwan Whangbo, On the Importance of the Interplaquette Spin Exchanges in Na3RuO4: Density Functional Theory Analysis of the Spin Exchange and Magnetic Properties, Inorg. Chem., 49, 3025 (2010).11. FangWu, Guanxia Yu, Ding Xu and Erjun Kan, First-principles investigations on the magnetic structure of α-NaMnO2, J. Phys.: Condens. Matter, 24, 456002 (2012).12.Wu Fang, Meng Pei-Wen, Luo Kang, Liu Yun-Fei and Kan Er-Jun, Reduction of defect-induced ferromagnetic stability in passivated ZnO nanowires, Chin. Phys. B, Vol. 24, No. 3 037504 (2015).13. FangWu, KangLuo, ChengxiHuang, WenjuanWu, PeiwenMeng, YunfeiLiu, Erjun Kan, Theoreticalunderstandingofmagneticandelectronicstructures of Ti3C2 monolayeranditsderivatives Solid State Communications, 222, 9 (2015).14. FangWu, KangLuo, YunfeiLiu, WenjuanWu, GangLiu, PeiwenMeng, ErjunKan, Magnetic and electronic properties of frustrated spin dimer compound K2Fe2B2O7: A first-principles calculation, Solid State Communication, 220, 77 (2015).15. Erjun Kan, Kaiming Deng, Fang Wu, Stability of graphitic-like zinc oxide layers under carriers doping: a first-principles study, Nanoscale, 5, 12111 (2013).16. Fang Wu, Erjun Kan, and Zhenyu Li, First-principles investigations on the electronic and magnetic structure of PbMn(SO4)2, Front. Phys. China, 6, 96 (2011).17. Fang Wu, Erjun Kan, Zhenyu Li, Density functional predictions of new silicon allotropes: Electronic properties and potential applications to Li-battery anode materials, Solid. State. Comm, 151, 1228-1230 (2011).18. Fang Wu, Erjun Kan, and Zhenyu Li, First-principles investigations on the electronic and magnetic structure of PbMn(SO4)2, Front. Phys. China, 6, 96 (2011).19. Fang Wu, Richard Tjornhammar, Erjun Kan, and Zhenyu Li, A first-principles study on the electronic structure of one-dimensional [TM(Bz)]∞ polymer (TM= Y, Zr, Nb, Mo, and Tc) , Front. Phys. China, 4, 403-406 (2009).20. Kang Luo, Yulin Sun, Liyu Zhou, Fang Wang, and Fang Wu, Theoretical simulation of performances in CIGS thin-film solar cells with cadmium free buffer layer, Journal of Semiconductors, 38, 49 (2017).",
    "Patent": "授权发明专利13项、软件著作10余项。社会学术与学会兼职1、中国林业工程建设协会高新技术成果推广专业委员会副主任委员2、林业生态大数据国家科技创新联盟副理事长3、中国林业计算机应用分会副理事长4、林草三维可视化技术应用创新联盟专家组副主任委员、副秘书长5、全国重点实验室林木资源高效利用—林业生态环境监测与预警研究组客座教授6、国家林业和草原局林业遥感与信息技术重点实验室学术委员会委员7、物联网与人工智能应用国家创新联盟理事、江苏省计算机学会大数据专委会委员、江苏省模式识别专委会委员、美国IEEE会员8、《林业工程学报》编委9、国际期刊《Forests》编委10、国际SCI学术期刊IEEE TNNLS, IEEE TCSVT, IEEE TIM, IEEE TITS, IEEE TCYB, Pattern Recognition, Neurocomputing, Information Science等审稿人",
    "Achievements": "3、南京林业大学教学成果特等奖，2020年；4、江苏省本科生毕业设计（论文）优秀指导教师，2017年；5、南京林业大学优秀硕士论文指导教师，2015年；6、南京林业大学优秀女教职工，2015年；7、南京林业大学优秀青年科技工作者，2014年；8、第十批江苏省\"六大人才高峰\"高层次人才，2013年；9、第四届中国林学会梁希青年论文奖二等奖，2012年；10、江苏省高校\"青蓝工程\"中青年学术带头人，2012年",
    "Class": "主讲的课程数据库原理与应用（本科生）；科研方法概论（本科生）；算法分析与设计（研究生）学生培养指导本科生获2017年江苏省优秀本科毕业论文2等奖、中国“互联网+”创新创业大赛国际铜奖(2项)、以及其它各类国家级学科竞赛奖励多项；指导研究生发表系列高水平论文、多名研究生获省优秀硕士论文、国家或校长奖学金等，培养了一批优秀硕士研究生至美国、国家级人才攻读博士学位。主持的主要课题或项目1、十四五国家重点研发子课题，典型森林类型多目标经营规划智能决策技术, 主持，2022.2、科技冬奥专项课题，森林可燃物影响因子监测与预测预报模块研发，主持, 2021.3、冬奥科技服务项目课题，无人机动态烟火与人员活动视频智能检测及监测监控模块开发，主持，2021.4、国家自然科学基金面上项目，基于AIoT半球摄影的山地森林叶面积指数精准测算研究，主持，2024.5、国家自然科学基金面上项目，面向复杂多视图图像的鲁棒判别距离度量协同学习研究，主持，2021.6、国家自然科学基金面上项目，鲁棒判别的多视角自适应子空间学习及其在异质图像识别上的应用研究，主持，2019.7、 国家自然科学青年基金项目，面向低质量图像数据的低秩判别迁移子空间特征抽取研究，主持，2015.8、江苏省重点研发计划现代农业课题，基于多源异构遥感影像的种植业“一张图”管理技术研究与系统开发，主持，2023.9、国家自然科学基金面上项目，基于多源视觉信息和眼动模拟的机器人主动视觉方法研究，合作单位负责人, 2018.10、江苏省自然科学基金项目面上项目，基于最优稀疏领域适应表征的特征抽取及在林火识别上的应用，主持，2017.11、江苏省第六期“333工程” “卡脖子”技术攻关人才项目（成果转化）, 主持，2022.12、南京林业大学杰出青年基金项目，支持向量机与子空间学习，主持, 2020.",
    "Research_projects": "科研课题与项目1、国家自然科学基金面上项目，原子层厚度的二维过渡金属化合物材料的理论设计，2015.1～2018.12，80万，主持2、国家自然科学基金青年项目，d0半导体纳米材料中磁性来源以及增强的物理机制研究，2013.1～2015.12，22万，主持3、江苏省自然科学基金面上项目，高温二维单原子层磁性材料的研究，2013.6～2016.12，10万，主持4、江苏省高校自然科学基金，金属-有机分子化合物作为高密度信息存储材料的研究，3万，主持5、南京林业大学杰出青年基金，2017.1～2020.12，25万，主持",
    "Services_Activities": "社会服务与学术活动Nanoscale、J. Mater. Chem. C 等多个学术杂志审稿人，国家自然科学基金评审人。",
    "Award_status": "获奖情况1、2016年入选江苏省“333”高层次人才工程2、2015年入选江苏省六大人才高峰3、2012年荣获江苏省青蓝工程优秀骨干教师称号4、2018年入选南京林业大学杰出青年学者培养计划5、2012年入选南京林业大学人才",
    "Contact_information": "联系方式fangwu@njfu.edu.cn",
    "Base_info": "吴芳，女，南京林业大学信息学院教授、理学博士、硕士生导师。",
    "id": "0006",
    "img": "https://it.njfu.edu.cn//DFS//file/2018/12/24/20181224095644941gcc1qq.png",
    "Name": "吴芳"
}