{
    "Research_direction": "研究方向人工智能、电力电子技术在电力系统中的应用、新能源并网、智能微电网、储能。",
    "Paper": "四、近年指导学生论文1.   Chen, B.; Bai, D.; Lin, H.; Jiao, W. FlameTransNet: Advancing Forest Flame Segmentation with Fusion and Augmentation Techniques. Forests 2023, 14, 18872.   Chen, Gong, Renxi Cheng, Xufeng Lin, Wanguo Jiao, Di Bai, and Haifeng Lin (*). 2023. \"LMDFS: A Lightweight Model for Detecting Forest Fire Smoke in UAV Images Based on YOLOv7\" Remote Sensing 15, no. 15: 3790.3.   Wang, Yinkai, Renjie Xu, Di Bai, and Haifeng Lin (*). 2023. \"Integrated Learning-Based Pest and Disease Detection Method for Tea Leaves\" Forests 14, no. 5: 1012.4.   Qian, J.; Lin, J.; Bai, D.; Xu, R.; Lin, H (*). Omni-Dimensional Dynamic Convolution Meets Bottleneck Transformer: A Novel Improved High Accuracy Forest Fire Smoke Detection Model. Forests 2023, 14, 838.5.   王寅凯,曹磊,钱佳晨,林海峰(*).一种改进YOLOv5的多尺度像素林火识别算法[J].林业工程学报,2023,8(02):159-1656.   Xue, Z.; Xu, R.; Bai, D.; Lin, H (*). YOLO-Tea: A Tea Disease Detection Model Improved by YOLOv5. Forests 2023, 14, 415.7.   Lin, J.; Lin, H (*).; Wang, F. A Semi-Supervised Method for Real-Time Forest Fire Detection Algorithm Based on Adaptively Spatial Feature Fusion. Forests 2023, 14, 361.8.   Chen, G.; Zhou, H.; Li, Z.; Gao, Y.; Bai, D.; Xu, R.; Lin, H (*). Multi-Scale Forest Fire Recognition Model Based on Improved YOLOv5s. Forests 2023, 14, 315.9.   Lin, J.; Bai, D.; Xu, R.; Lin, H (*). TSBA-YOLO: An Improved Tea Diseases Detection Model Based on Attention Mechanisms and Feature Fusion. Forests 2023, 14, 619.10. Xue, Q.; Lin, H (*).; Wang, F. FCDM: An Improved Forest Fire Classification and Detection Model Based on YOLOv5. Forests 2022, 13, 2129.11. Qian, J.; Lin, H (*). A Forest Fire Identification System Based on Weighted Fusion Algorithm. Forests 2022, 13, 130112. Xue, Z.; Lin, H (*).; Wang, F. A Small Target Forest Fire Detection Model Based on YOLOv5 Improvement. Forests 2022, 13, 1332.13. Lin, J.; Lin, H (*).; Wang, F. STPM_SAHI: A Small-Target Forest Fire Detection Model Based on Swin Transformer and Slicing Aided Hyper Inference. Forests 2022, 13, 1603.14. Wanying Shen, Haifeng Lin (*). The chloroplast genome of Spiraea thunbergii (Rosaceae) [J]. Mitochondrial DNA Part B,2022, 7(10): 1879-188115. Changlan Sun, Haifeng Lin (*). The complete chloroplast genome and phylogenetic analysis of Citrus clementina (Rutaceae) [J]. Mitochondrial DNA Part B,2021, 6(10): 2926-292716. Qinghua Xu, Haifeng Lin (*). The complete chloroplast genome of Sisymbrium altissimum [J]. Mitochondrial DNA Part B,2021, 6(9): 2752-2753",
    "Patent": "五、发明专利（第一发明人）1.   一种基于热成像分析技术的林火识别方法、设备及计算机存储介质，ZL 202111277941.62.   一种对农业病虫进行防控的无人机装置，ZL202110367319.83.   一种农业用病虫害监测用无人机，ZL202110311495.X4.   一种农业用病虫害防治的精量施药无人机装置，ZL202110324358X5.   一种农作物病虫害无人机作业农药喷洒装置，ZL202111412481.36.   一种基于模糊推理的林火发生模型预警系统， ZL201610180341.07.   一种森林火灾天气指数预警系统及应用，ZL201410086682.2六、主持教改项目（课题）1.   《大学计算机基础课程创新研究》，2022年江苏省高校“高质量公共课教学改革研究”课题,在研2.   《农林类人工智能教学团队与高水平教师队伍教研能力养成研究》，2021年江苏省教育科学“十四五”规划课题,在研3.   《乡村振兴实绩细则》解读，2021年江苏省高校在线开放课程“江苏高校助力乡村振兴在线开放课程”，已结题。",
    "Achievements": "2、2016校教学成果一等奖（排名1/7）3、2016省本科优秀毕业设计省级三等奖（指导教师）4、2016校优秀本科教学质量2等奖5、2016校优秀毕业设计指导教师6、2018年校优秀工作者7、2016 “加成奖学金”优秀指导教师8、近5年指导本科生获得国家与省级竞赛奖项20余项二、科研工作近5年主持与第一参与人项目：1、国家自然科学基金面上项目，基于物联网视觉森林火灾监控系统设计，主持 (排名1/7)2、江苏省自然科学基金面上项目，主持 (排名1/7)3、教育部留学归国科研启动基金（50批），主持4、校引进高层次人才计划项目，复合传感器网络森林防火关键技术的研究，主持5、国家自然科学基金青年项目,基于生物能源收集的树木胸径监测关键技术研究，参加(排名2/7)6、江苏省自然科学基金青年项目，基于无线声发射传感器网络的古建筑木构件健康监测关键技术研究，结题优秀，参加(排名2/7)7、江苏省自然科学基金面上项目，基于能量补给型的林业物联网火险预警模型研究，参加(排名2/9)8、 江苏省自主创新项目，基于迁移学习的物联网林火预警系统关键技术研究，参加(排名2/11)9、国家自然科学基金面上项目, 基于无线声发射传感器网络的木本植物栓塞测定关键技术研究, 参加(排名2/9)10、江苏省农业农村厅, 基于机器视觉和边缘计算的茶树病虫害监测系统开发与应用,参加(排名2/11)三、其他1、先后指导硕士生30余名，申请与获批专利20余项、软件著作权10余项。2、 近5年来，发表SCI/EI、中科院1区、顶刊等高水平论文40余篇。3、 参编十三五农林重点规划教材1部。先后承担研究生与本科生课程《无线传感网络技术》、《无线传感网络操作系统》、《计算机概论》《计算机网络体系结构》、《微机系统与接口技术》、《汇编语言》、《Linux程序设计》、《Linux与shell编程》、《软件项目管理》、《通信原理》、《网络管理》、《计算机网络技术》、《操作系统》等课程。",
    "Class": "主讲的课程本科：通信原理、电磁场与电磁波等研究生：Optical Fiber Communications学生培养2018.12~2020.12, 指导大学生科技创新训练项目（省级重点），验收优秀多次指导本科生、研究生在国家级学科竞赛或数模竞赛获奖",
    "Research_projects": "主持的科研课题与项目1、国家自然科学基金项目，大规模可再生能源的柔性直流并网系统及其稳定控制研究，主持2、国家自然科学基金项目，新型模块化多电平固态变压器及在柔性微网中应用基础研究，主持3、国家自然科学基金项目，智能型电力电子变压器及其在改善供电质量中的应用，主持4、江苏省重点研发计划，兆瓦级高效储能系统的模块化并联与应用关键技术研发，主持5、江苏省科技支撑计划，高压大功率变频谐振除冰装置关键技术研究，主持6、江苏省产学研前瞻性联合研究计划，智能型模块化电力电子变压器开发，主持7、国家科技支撑计划，电能质量复合控制技术及装置，子课题负责人",
    "Services_Activities": "七、社会服务与学术活动担任国际期刊“Forests” Guest Editor和“Journal of Healthcare Engineering”、 “Alexandria Engineering Journal”、 “Frontiers in Neuroscience”、 “Contrast Media & Molecular Imaging”、 “International Journal of Information Management”、 “Wireless Communications and Mobile Computing”和“The Journal of Supercomputing”等期刊的审稿 人，中国林学会计算机应用分会理事。",
    "Award_status": "八、指导学生获奖1.   2023年江苏省研究生乡村振兴案例大赛金奖、团队风采奖（江苏省农学类研究生教育指导委员）2.   2023年第四届中国林草计算机应用大会最佳论文奖3.   2022年第十三届蓝桥杯全国软件和信息技术专业人才大赛-全国总决赛Java软件开发全国一等奖4.   2019年第十届蓝桥杯全国软件和信息技术专业人才大赛-全国总决赛Java软件开发全国一等奖5.   2018年第九届 蓝桥杯全国软件和信息技术专业人才大赛-全国总决赛C/C++程序设计全国二等奖 2人次",
    "Contact_information": "九、联系方式办公电话：025-85427902Email：  haifeng.lin AT njfu.edu.cn通讯地址：江苏省南京市龙蟠路159号 南京林业大学信息科学技术学院、人工智能学院",
    "Base_info": "林海峰，博士，研究员，硕导（电子科学与技术、电子信息），加拿大McMaster大学访问学者。研究方向为农林业灾害与资源管理、智慧林业（林业+人工智能）、林业物联网、深度学习，研究总体着眼于解决农林资源管理与灾害防控等信息化应用关键核心问题。一、主持科研项目（课题）1.   主持南京市现代农机装备与技术创新示范项目，智能化茶树病虫害遥感监测云边协同设备创新与应用，40万，2022年11月-2024年，在研2.   主持江苏省重点研发计划，基于迁移学习的物联网视觉林火预警系统关键技术研究与示范(BE2021716)，50万，2021年7月-2024年7月，在研3.   主持江苏省现代农机装备与技术示范推广项目，基于机器视觉和边缘计算的茶树病虫害监测系统开发与应用（NJ2021-19），50万，2021年9月-2024年8月，在研4.   主持江苏省地方标准项目，农业生产经营主体质量安全信用等级评价规范，5万，2021年3月-2022年10月，已结题。5.   主持江苏省农业科技自主创新项目， 基于迁移学习的物联网林火预警系统关键技术研究（编号CX(20)3038）（2020.9-2022.12），30万，已结题（优秀）。6.   主持江苏省自然科学基金，基于能量补给型的林业物联网火险预警模型研究（编号BK20191393）（2019.7-2022.12），10万，已结题。7.   主持江苏省地方标准项目，基于林业物联网的森林火险预警系统技术规范，5万，2016年10月-2019年10月，已结题。8.   主持江苏省自然科学基金，无线传感器网络技术在森林火险天气预警系统中的应用（编号BK20141474）（2014.7-2017.6），10万，已结题。9.   主持江苏省林业三新工程项目, 江苏省森林防火应急指挥系统关键技术集成与验证，50万，（LYSX[2014]07），（2014.08-2017.08）已结题。",
    "id": "0013",
    "img": "https://it.njfu.edu.cn//DFS//network//szdw/i274151/1685414240750tiyskb.jpg",
    "Name": "林海峰"
}