{
    "Research_direction": "研究方向：嵌入式系统的开发与应用。",
    "Paper": "近年科研论文：1. Yang, X., et al. Preferred Vector Machine for Forest Fire Detection. Pattern Recognition, 2023, 143, 109722. (SCI期刊, JCR一区)2. Wang, Y.(研究生), Yang, X.(通讯作者), et al. Individual tree segmentation and tree-counting using supervised clustering. Computers and Electronics in Agriculture, 2023, 205, 107629. (SCI期刊, JCR一区) （注：汪洋，男，2023年毕业，现就职于南京莱斯信息）3. Yang, X., et al. High-Precision Real-Time forest fire video detection using One-Class mode. Forests, 2022, 13(11), 1826. (SCI期刊, JCR二区)4. Yang, X., et al. Pixel-level automatic annotation for forest fire image. Engineering Applications of Artificial Intelligence, 2021, 104, 104353. (SCI期刊, JCR二区)5. Yang, H.(研究生), Yang, X. (通讯作者), et al. Robust Plane Clustering Based on L1-Norm Minimization. IEEE Access, 2020, 8: 29489-29500. (SCI期刊，JCR二区)（注：杨红鑫，女，2020年毕业，主持江苏省研究生创新项目1项，4篇1作、2篇2作论文成功申博，现在加拿大攻博)6. Yang, X., et al. A random weighted Plane-Gaussian artificial neural network. Neural Computing and Applications, 2019, 31(12): 8681–8692. (SCI期刊, JCR二区)7. Yang, H.(研究生), Yang, X., et al. Finite norm large margin classifier. International Journal of Machine Learning and Cybernetics, 2019, 10(9): 2449–2457 (SCI期刊, 2019年JCR二区)8. Yang, X., et al. Piecewise Linear Regression Based on Plane Clustering. IEEE Access, 2019, 7: 29845-29855. (SCI期刊，2019年JCR二区)9. 杨绪兵, 葛彦齐（本科生）等. 基于矩阵模式的林火图像半监督学习算法.图学学报, 2019, 40(05):835-842. （SCD&CSCD）（注：葛彦齐，2017级本科生，主持的大学生创新项目验收优秀，现为电子科技大学研究生）10. 周健航（本科生）,杨绪兵等.马氏度量下局部化广义特征值最接近支持向量机. 南京师大学报(自然科学版), 2018, 41(04): 65-71. (SCD)（注：周健航，2014级本科生，现在澳门大学攻博，其个人主页：https://variablemental.github.io/richzhou/)",
    "Patent": "近五年授权部分专利1.云挺,(1/3). A method of Individual tree crown segmentation from airborne LiDAR data using a novel Gaussian filter and energy function minimization.PCT international application. Submission number:364931, application number: CN2020/119150. 国际PCT专利2.云挺,(1/6).Leaf surface reconstruction and physically based deformation simulation based on the point cloud data. Patent number: 2020103131,Innovation patent of Australian. 澳大利亚发明3.云挺,(1/3). 基于激光扫描数据的树木冠层叶面积计算方法[P]. 申请年份 2016.5, 专利号ZL201610350345.9, 授权公告日2018.8, 授权公告号CN105806266B。(发明专利)4.云挺,(1/3). 一种基于激光点云数据的真实阔叶树器官分类识别方法[P].申请年份 2014.8, 专利号ZL201410436294.2, 授权公告日2019.4, 授权公告号CN105373814B。(发明专利)5.云挺,(1/4). 激光点云中林木参数评估方法[P].申请年份 2017.10,专利号ZL201710955957.5, 授权公告日2020.10,授权公告号CN107705309B, (发明专利)6.云挺,(1/4).一种基于激光雷达点云数据的树种分类方法.申请年份2018.10,专利号ZL201811263568.7,授权公告日2021.8,授权公告号CN109409429B, (发明专利)7.云挺,(1/4).一种面向树木激光点云的有效特征抽取与树种识别方法.申请年份2018.10,专利号ZL201811263570.4, 授权公告日2021.9,授权公告号CN109446986B, (发明专利)8.云挺,(2/3). 面向激光点云数据的阔叶树真实叶片建模与形变方法[P]. 申请年份 2014.9, 专利号ZL201410436293.8,批准年份2019.1, 授权公告号CN105654543B, (发明专利)",
    "Achievements": "科研成果1、《嵌入式操作系统的抗干扰技术》，制造业自动化，2010年11月；2、《层次型多模块嵌入式实时系统的快速数据配置》，电脑知识与技术，2010年11月；3、《专家系统在make工具教学中的应用》，计算机教育，2010年8月；4、《普通高校计算机专业嵌入式方向的教学探讨》，计算机教育，2014年4月；5、软件著作权 0965653 名称：投币机管理及功能检测软件V1.0",
    "Class": "主讲课程：程序设计语言（本科生），C++程序设计（本科生），计算机程序设计（研究生），机器学习（研究生）",
    "Research_projects": "科研课题与项目1、嵌入式系统自动测试流程的开发，南京林业大学，2011年4月",
    "Services_Activities": "七、社会服务与学术活动担任国际期刊“Forests” Guest Editor和“Journal of Healthcare Engineering”、 “Alexandria Engineering Journal”、 “Frontiers in Neuroscience”、 “Contrast Media & Molecular Imaging”、 “International Journal of Information Management”、 “Wireless Communications and Mobile Computing”和“The Journal of Supercomputing”等期刊的审稿 人，中国林学会计算机应用分会理事。",
    "Award_status": "近五年获奖情况1．2018年江苏省本科优秀毕业设计论文，2019.6，江苏省教育厅，江苏省一等奖，指导教师1/1。2.第七届中国林业学术大会森林经理分会场优秀报告一等奖。2019.11.中国林学会。报告人1/1。3.第十五届中国研究生数学建模竞赛   ，2018.11，   教育部学位与研究生教育发展中心，全国二等奖，指导教师1/1。4.江苏省计算机设计大赛   ，2019.5， 中国计算机设计大赛组委会，江苏省特等奖，指导教师1/1。5.第九届全国高校数学建模挑战赛，2019.6，中国优选法统筹法与经济数学研究会，全国二等奖，指导教师1/1。6.第十届中国大学生计算机设计大赛， 2017.7，   江苏省大学生计算机设计大赛组委会， 全国三等奖，排名  1/2。7.第十一届中国大学生计算机设计大赛 ，2018.7   ，江苏省大学生计算机设计大赛组委会 ，全国三等奖，排名       1/2。8.第七届中国大学生计算机设计大赛   ，2014.7， 中国大学生计算机设计大赛组委会，   全国三等奖，排名  2/2。9.第九届蓝桥杯全国软件和信息技术专业人才大赛，   2018.4 ，工业信息化部、中国电子学会、软件协会等，江苏  省一等奖   ，排名1/1。",
    "Contact_information": "联系方式 办公电话：02585427545通讯地址：江苏省南京市龙蟠路159号 南京林业大学信息科学技术学院 （210037 ）",
    "Base_info": "何煦岚，男，南京林业大学信息学院，副教授。 现任南京林业大学信息学院计算机科学与技术系教师职务、江苏省计算机协会嵌入式专委会委员。",
    "id": "0016",
    "img": "None",
    "Name": "何煦岚"
}