{
    "Research_direction": "研究方向：信息理论和无线通信、生态系统监测与建模、林草三维可视化",
    "Paper": "近三年发表的论文1.        许艺瀚, 田永波, 张扬刚, 花敏, 周雯. 基于学习的能量采集认知M2M通信的资源分配算法[J]. 电子学报. 2023, 51(2): 467-476.2.        Xu Y H, Li J H, Zhou W, Chen C. Learning-empowered Resource Allocation for Air Slicing in UAV-assisted Cellular V2X Communications[J]. IEEE Systems Journal. 2023, 17(1): 1008-1011. (影响因子：4.4)3.        Zhou W, Xu Y H, Li C G. Multi-Objective Optimization for Adaptive Offloading in Distributed Multi-User MIMO Cell-Free 6G Networks[J]. IEEE Internet of Things Journal. 2023, 10(9): 7960-7973. (影响因子：10.6)4.        Xu X R, Xu Y H, Zhou W, Nallanathan A. Energy Efficient Resource Allocation for UAV-served Energy Harvesting-supported Cognitive Industrial M2M Networks, IEEE Wireless Communications Letters. DOI: 10.1109/LWC.2023. 3278627. (影响因子：6.3)5.        Xu Y H, Sun Q M, Xu X R, Zhou W, Yu G. Energy Efficiency and Delay Determinacy Tradeoff in Energy Harvesting-powered Zero-Touch Deterministic Industrial M2M Communications[J]. Engineering Applications of Artificial Intelligence. 2023, 121, 105997. (影响因子：8.0)6.        Xu Y H, Zhou W, Zhang Y G, Yu G. Stochastic Game for Resource Management in Cellular Zero-Touch Deterministic Industrial M2M Networks[J]. IEEE Wireless Communications Letters. 2022, 11(12): 2635-2639. (影响因子：6.3)7.        Xu Y H, Hua M, Zhou W, Yu G. Resource Allocation for Cellular Zero-Touch Deterministic Industrial M2M Networks: A Reinforcement Learning-Based Scheme[J]. IEEE Sensors Letters. 2022, 6(8): 1-4. (影响因子：2.8)8.        Xu Y H, Sun Q M, Zhou W, Yu G. Resource Allocation for UAV-aided Energy Harvesting-powered D2D Communications: A Reinforcement Learning-based Scheme[J]. Ad Hoc Networks. 2022, 136, 102973. (影响因子：4.8)9.        Xu Y H, Liu X, Zhou W, Yu G. Generative Adversarial LSTM Networks Learning for Resource Allocation in UAV-served M2M Communications[J]. IEEE Wireless Communications Letters. 2021, 10(7): 1601-1605. (影响因子：6.3)10.    Xu Y H, Yu G, Yong Y T. Deep Reinforcement Learning-based Resource Scheduling Strategy for Reliability-Oriented Wireless Body Area Networks[J]. IEEE Sensors Letters. 2021, 5(1): 1-4. (影响因子：2.8)11.    Xu Y H, Tian Y B, Searyoh P K, Yu G, Yong Y T. Deep Reinforcement Learning-based Resource Allocation Strategy for Energy Harvesting-Powered Cognitive Machine-to-Machine Networks[J]. Computer Communications. 2020, 160, 706-717. (影响因子：6.0)",
    "Patent": "（五）授权专利(部分)(1)宋军，李骏慧，刘云飞.一种水蒸气太赫兹吸收谱的测量方法，发明专利；(2)王一雄，周国平，宋军.一种针对矩形透明塑料袋的尺寸测量方法， 发明专利；(3)宋军，王一雄. 一种基于物联网的环境监测分站，实用新型专利；(4)宋军，李骏慧，一种基于RFID的失联提醒系统，实用新型专利；(5)宋军，李骏慧，李广昊.一种基于ARM微控制器的低压电机再启动装置，实用新型专利；(6)宋军.一种嵌入式系统的调试装置，实用新型专利；(7)宋军.一种基于ARM处理器的智能防雷箱，实用新型专利(8)宋军.一种新型嵌入式系统的中央处理器固定机构，实用新型专利(9)张宇，李广昊，宋军.一种用于室内光源定位的验证装置，实用新型专利；(10)宋军，王一雄, 李骏慧.一种空气质量检测传感器模块，实用新型专利；(11)鲁春军，宋军.一种用于电子屏幕的智能氛围灯具，实用新型专利;(12)鲁春军，宋军.屏幕氛围灯，外观专利。",
    "Achievements": "科研成果 （1） 《低功耗土壤湿度控制仪设计》，传感器与微系统，2013年7月； （2） 《 基于RFID的定位技术》， 电脑知识与技术，2013年1月； （3） 《基于STM32的数据采集及显示系统的设计 》， 电脑知识与技术，2013年5月； （4） 《基于Labview的虚拟动态杨氏模量测试仪的设计 》， 计量与测试技术，2008年10月； （5） 《基于视频处理的运动车辆检测算法的研究》，液晶与显示  2012年1月 （6） 《基于GA的SVRM在传感器非线性校正中的研究》，仪表技术与传感器 ，   2012年12月； （7） 《基于传感网技术的无线智能抄水表系统设计》，工业控制计算机  2011年2月； （8）《一种应用于交通视频检测的快速边缘提取算法》 ，电子科技， 2013年2月； （9）《基于MSP430的智能汽车防撞系统》，电脑知识与技术，2013年10月； （10）实用新型专利：《具有脉搏体温测试功能手表》， ZL 201020164978.9 ， 2011年2月； （11）参与《植物线虫太赫兹特征光谱及其无标记基因识别研究》，国家自然科学基金。",
    "Class": "(8)南京林业大学课程思政示范专业建设-电子信息工程，2020.11.主持。",
    "Research_projects": "科研课题与项目1、大型风电叶片叶根节圆变形关键技术研究，校企合作项目，2021，主持；2、5G高频高速微波覆铜板的开发研究，校企合作项目，2020，主持；3、一种用于电机控制的嵌入式DSP芯片的开发研究，校企合作项目，2020，主持；4、江苏省高校自然科学基金面上项目，江苏省教育厅，2016，主持；5、南京林业大学引进高层次人才和高层次留学回国人员科研基金，南京林业大学，2015，主持。",
    "Services_Activities": "社会服务与学术活动2013年9月—2014年7月参加江苏省科技镇长团活动，挂职江苏盐城市新洋经济区副镇长。",
    "Award_status": "获奖情况1、江苏省本科生毕业设计（论文）优秀指导教师，2018年；2、南京林业大学优秀本科设计（论文）指导教师，2016年。",
    "Contact_information": "联系方式办公电话：025-85427470电子邮箱：xuyihan@njfu.edu.cn通讯地址：江苏省南京市龙蟠路159号南京林业大学信息科学技术学院 （210037）",
    "Base_info": "许艺瀚，男，南京林业大学，副教授、博士、硕士生导师。现任南京林业大学信息科学技术学院、人工智能学院副院长。2014年毕业于马来亚大学（University of Malaya），获通信工程哲学博士学位。2017年9月至2018年8月在连云港市海州区任科技局副局长（挂职），2019年9月至2020年8月澳大利亚新南威尔士大学访问学者（国家留学基金委公派）。发表国内外高水平学术论文50余篇，担任IEEE TWC，TCOM，TII，TMC，WCL和China Communications等期刊审稿人。目前所授课程包括：数字电子技术、通信原理、无线传感器网络操作系统、电子信息工程专业英语等。",
    "id": "0022",
    "img": "https://it.njfu.edu.cn//DFS//file/2023/08/06/202308061305018678fn46n.jpg",
    "Name": "许艺瀚"
}