{
    "Research_direction": "研究方向：遥感图像融合。",
    "Paper": "近三年发表的论文1.        许艺瀚, 田永波, 张扬刚, 花敏, 周雯. 基于学习的能量采集认知M2M通信的资源分配算法[J]. 电子学报. 2023, 51(2): 467-476.2.        Xu Y H, Li J H, Zhou W, Chen C. Learning-empowered Resource Allocation for Air Slicing in UAV-assisted Cellular V2X Communications[J]. IEEE Systems Journal. 2023, 17(1): 1008-1011. (影响因子：4.4)3.        Zhou W, Xu Y H, Li C G. Multi-Objective Optimization for Adaptive Offloading in Distributed Multi-User MIMO Cell-Free 6G Networks[J]. IEEE Internet of Things Journal. 2023, 10(9): 7960-7973. (影响因子：10.6)4.        Xu X R, Xu Y H, Zhou W, Nallanathan A. Energy Efficient Resource Allocation for UAV-served Energy Harvesting-supported Cognitive Industrial M2M Networks, IEEE Wireless Communications Letters. DOI: 10.1109/LWC.2023. 3278627. (影响因子：6.3)5.        Xu Y H, Sun Q M, Xu X R, Zhou W, Yu G. Energy Efficiency and Delay Determinacy Tradeoff in Energy Harvesting-powered Zero-Touch Deterministic Industrial M2M Communications[J]. Engineering Applications of Artificial Intelligence. 2023, 121, 105997. (影响因子：8.0)6.        Xu Y H, Zhou W, Zhang Y G, Yu G. Stochastic Game for Resource Management in Cellular Zero-Touch Deterministic Industrial M2M Networks[J]. IEEE Wireless Communications Letters. 2022, 11(12): 2635-2639. (影响因子：6.3)7.        Xu Y H, Hua M, Zhou W, Yu G. Resource Allocation for Cellular Zero-Touch Deterministic Industrial M2M Networks: A Reinforcement Learning-Based Scheme[J]. IEEE Sensors Letters. 2022, 6(8): 1-4. (影响因子：2.8)8.        Xu Y H, Sun Q M, Zhou W, Yu G. Resource Allocation for UAV-aided Energy Harvesting-powered D2D Communications: A Reinforcement Learning-based Scheme[J]. Ad Hoc Networks. 2022, 136, 102973. (影响因子：4.8)9.        Xu Y H, Liu X, Zhou W, Yu G. Generative Adversarial LSTM Networks Learning for Resource Allocation in UAV-served M2M Communications[J]. IEEE Wireless Communications Letters. 2021, 10(7): 1601-1605. (影响因子：6.3)10.    Xu Y H, Yu G, Yong Y T. Deep Reinforcement Learning-based Resource Scheduling Strategy for Reliability-Oriented Wireless Body Area Networks[J]. IEEE Sensors Letters. 2021, 5(1): 1-4. (影响因子：2.8)11.    Xu Y H, Tian Y B, Searyoh P K, Yu G, Yong Y T. Deep Reinforcement Learning-based Resource Allocation Strategy for Energy Harvesting-Powered Cognitive Machine-to-Machine Networks[J]. Computer Communications. 2020, 160, 706-717. (影响因子：6.0)",
    "Patent": "（五）授权专利(部分)(1)宋军，李骏慧，刘云飞.一种水蒸气太赫兹吸收谱的测量方法，发明专利；(2)王一雄，周国平，宋军.一种针对矩形透明塑料袋的尺寸测量方法， 发明专利；(3)宋军，王一雄. 一种基于物联网的环境监测分站，实用新型专利；(4)宋军，李骏慧，一种基于RFID的失联提醒系统，实用新型专利；(5)宋军，李骏慧，李广昊.一种基于ARM微控制器的低压电机再启动装置，实用新型专利；(6)宋军.一种嵌入式系统的调试装置，实用新型专利；(7)宋军.一种基于ARM处理器的智能防雷箱，实用新型专利(8)宋军.一种新型嵌入式系统的中央处理器固定机构，实用新型专利(9)张宇，李广昊，宋军.一种用于室内光源定位的验证装置，实用新型专利；(10)宋军，王一雄, 李骏慧.一种空气质量检测传感器模块，实用新型专利；(11)鲁春军，宋军.一种用于电子屏幕的智能氛围灯具，实用新型专利;(12)鲁春军，宋军.屏幕氛围灯，外观专利。",
    "Achievements": "科研成果1、编写了《大学计算机》、《计算机应用技能》教材，副主编，已于2013年9月出版并投入使用。2、编写了教育部大学计算机课程改革项目规划教材《C程序设计案例教程》，主编，已于2015年3月出版并投入使用。",
    "Class": "(8)南京林业大学课程思政示范专业建设-电子信息工程，2020.11.主持。",
    "Research_projects": "科研课题与项目1、2010年12月—2014年12月，主持并完成了《计算机基础》课程无纸化考试改革项目。2、2014年1月—2014年6月，主持并完成了《软件工程专业本科人才培养方案研究》项目。3、2014年6月，主持《案例驱动C程序设计》校级重点教材建设项目。4、2015年1月，主持“软件工程（嵌入式培养） 专业建设的研究与实践”项目。5、2015年1月，参与《数据结构》课程慕课建设项目，排名第3，项目组成员共12人。",
    "Services_Activities": "社会服务与学术活动1、2014.01参加NIIT公司为期一周的教学培训。；2、2014.03.29到上海参加Oracle公司高校合作内容研讨会；3、2014.04参加由江苏省教育厅、江苏省商务厅组织的江苏省服务外包人才培养（培训）工作交流会；4、2014.07到上海参加Oracle公司为期三周的校企合作等技术交流与培训。5、2015.07参加“2015高校共享课程实践夏令营”交流共享课程建设相关技术与问题。",
    "Award_status": "获奖情况1、2010.11所讲授的《C程序设计》课程在校多媒体授课比赛中荣获二等奖。2、2013年度指导学生冯哲、蒋云结等参与大学生实践创新训练计划项目“草本植物纳米压痕图像处理技术的研究”，项目类型为“省级指导项目”，验收结果为优秀。3、2013至2015年，指导学生参加“蓝桥杯”全国软件和信息技术专业人才大赛，多次获得江苏省一等奖、二等奖、三等奖，全国三等奖。",
    "Contact_information": "联系方式 办公电话：02585427545E_Mail:nj.zln@163.com通讯地址：江苏省南京市龙蟠路159号 南京林业大学信息科学技术学院 （210037）",
    "Base_info": "张黎宁，女，南京林业大学信息学院软件工程系系主任，副教授、硕士。1997年7月毕业于西安工程大学计算机及应用专业，获工学学士学位。毕业后先后任职于我校计算中心、信息学院计算机系、信息学院计算机教学部、信息学院软件工程系。2003年在职攻读硕士研究生，2006年7月毕业于南京林业大学森林经理专业计算机信息处理方向，获农学硕士学位。主要承担《数据结构》，《C程序设计》，《数据库原理及应用A》，《计算机基础》等课程的教学任务，同时承担计算机本科专业的毕业设计指导工作。",
    "id": "0023",
    "img": "https://it.njfu.edu.cn//DFS//file/2018/12/24/20181224100521958yey7bh.jpg",
    "Name": "张黎宁"
}