{
    "Research_direction": "研究方向：无线传感器网络、林业物联网。",
    "Paper": "代表性论文：Linyi Zhou, Xijian Fan*, Yingjie Ma, Tardi Tjahjadi, Qiaolin Ye, Uncertainty-aware Cross-dataset Facial Expression Recognition via Regularized Conditional Alignment, ACM Multimedia, doi: 10.1145/3394171.3413515, (CCF A类, 指导本科生)Xijian Fan, Tardi Tjahjadi, Robust Contactless Pulse Transit Time Estimation Based on Signal Quality Metric[J]. Pattern Recognition Letter. 2020, vol 137: 12-16 (CCF C类, SCI)Xijian. Fan, Tardi Tjahjadi, Fusing dynamic deep learned features and handcrafted features for facial expression recognition[J], Journal of Visual Communication and Image Representation, 2018, vol 65. (CCF C类, SCI)Xijian Fan, Xubing Yang, Qiaolin Ye,Yin Yang, A discriminative dynamic framework for facial expression recognition in video sequences[J]. Journal of Visual Communication and Image Representation, 2018, 56: 182-187. (CCF C类, SCI)Xijian Fan, Qiaolin Ye, Xubing Yang & Sruti Das Choudhury, Robust blood pressure estimation using an RGB camera[J], Journal of Ambient Intelligence and Humanized Computing, 2018, https://doi.org/10.1007/s12652-018-1026-6. (SCI)Xijian Fan, Tardi Tjahjadi, A dynamic framework based on local Zernike moment and motion history image for facial expression recognition[J]. Pattern Recognition. 2017, 64: 399-406. (SCI, 1区TOP)Xijian Fan, Tardi Tjahjadi, A spatial-temporal framework based on histogram of gradients and optical flow for facial expression recognition in video sequences[J]. 48(11): 3407-3416. (SCI, 1区TOP)Xubing Yang, Hongxin Yang, Fuquan Zhang, Xijian Fan, Qiaolin Ye, & Zhe Feng, A random-weighted plane-Gaussian artificial neural network[J], Neural Computing and Applications, 2019, 31(12): 8681-8692. (CCF C类, SCI)Hongxin Yang, Xubing Yang, Fuquan Zhang, Qiaolin Ye & Xijian Fan, Infinite norm large margin classifier[J], International Journal of Machine Learning and Cybernetics, 2019, 10: 2449-2457. (SCI)Xubing Yang, Hongxin Yang, Fuquan Zhang, Li Zhang, Xijian Fan, Qiaolin Ye, Liyong Fu, Piecewise linear regression based on plane clustering[J], IEEE Access, 2019, 7: 29845-29855. (SCI)",
    "Patent": "（五）授权专利(部分)(1)宋军，李骏慧，刘云飞.一种水蒸气太赫兹吸收谱的测量方法，发明专利；(2)王一雄，周国平，宋军.一种针对矩形透明塑料袋的尺寸测量方法， 发明专利；(3)宋军，王一雄. 一种基于物联网的环境监测分站，实用新型专利；(4)宋军，李骏慧，一种基于RFID的失联提醒系统，实用新型专利；(5)宋军，李骏慧，李广昊.一种基于ARM微控制器的低压电机再启动装置，实用新型专利；(6)宋军.一种嵌入式系统的调试装置，实用新型专利；(7)宋军.一种基于ARM处理器的智能防雷箱，实用新型专利(8)宋军.一种新型嵌入式系统的中央处理器固定机构，实用新型专利(9)张宇，李广昊，宋军.一种用于室内光源定位的验证装置，实用新型专利；(10)宋军，王一雄, 李骏慧.一种空气质量检测传感器模块，实用新型专利；(11)鲁春军，宋军.一种用于电子屏幕的智能氛围灯具，实用新型专利;(12)鲁春军，宋军.屏幕氛围灯，外观专利。",
    "Achievements": "科研成果：1、Queue performance of cognitive radio networks with general primary user activity model，IET Communications，（SCI/EI）2015.10；2、Performance analysis and power allocation for the unsaturated two-user interference channel，IET Communications，（SCI/EI）2017.1；3、Effective of Power Control on Performance of Users in an Interference-Limited Network with Unsaturated Traffic, IEEE Transactions on Vehicular Technology, （SCI/EI）2017.03；4、能量收集认知传感器网络研究综述，电子技术应用，2018.10；5、Spectrum Efficiency of Jointing Adaptive Modulation Coding and Truncated ARQ With QoS Constraints，IEEE Access，（SCI/EI）2018.12；6、Queue Performance of Energy Harvesting Cognitive Radio Sensor Networks With Cooperative Spectrum Sharing，IEEE Access，（SCI/EI）2018.12；",
    "Class": "所授课程：数据库原理及应用，Python程序设计，物联网与智能感知",
    "Research_projects": "科研课题与项目 1、能量收集认知传感器网络中业务服务质量保障理论研究，国家自然科学基金委员会，2018年1月，主持； 2、动态能量下认知传感器网络业务服务质量保障技术研究，江苏省科技厅，2017年7月，主持； 3、能量收集认知传感器网络多样化业务服务质量保障研究，江苏省教育厅，2017年9月，主持；4、可充电认知传感器网络的服务质量保障技术研究，南京林业大学，2017年7月，主持；5、可充电传感器网络能量管理技术研究，南京林业大学，2017.01；",
    "Services_Activities": "社会服务与学术活动1、2014.01参加NIIT公司为期一周的教学培训。；2、2014.03.29到上海参加Oracle公司高校合作内容研讨会；3、2014.04参加由江苏省教育厅、江苏省商务厅组织的江苏省服务外包人才培养（培训）工作交流会；4、2014.07到上海参加Oracle公司为期三周的校企合作等技术交流与培训。5、2015.07参加“2015高校共享课程实践夏令营”交流共享课程建设相关技术与问题。",
    "Award_status": "获奖情况2013.9 优秀指导教师    全国大学生电子设计竞赛江苏赛区组织委员会2013.11 优秀指导教师    江苏省高校大学生物理及实验科技作品创新竞赛组织委员会2014.8 优秀教育工作者    南京林业大学",
    "Contact_information": "联系方式 ：email：wgjiao@njfu.edu.cn办公电话： 85427137通讯地址：江苏省南京市龙蟠路159号 南京林业大学信息科学技术学院 （210037 ）",
    "Base_info": "焦万果，女，副教授、博士、硕士生导师。",
    "id": "0027",
    "img": "https://it.njfu.edu.cn//DFS//file/2019/07/13/20190713144153166wfxrqr.jpg",
    "Name": "焦万果"
}