{
    "Research_direction": "研究方向：声信号处理，声超构材料。",
    "Paper": "四、论文发表（一作或者通讯）：1、Xia, S.; Chen, D.; Peethambaran, J.; Wang, P.; Xu, S* (2021). Point Cloud Inversion: A Novel Approach for the Localization of Trees in Forests from TLS Data. Remote Sens, 13(3), 338. doi:10.3390/rs13030338. (Early Access)2、Xu, S., R. Wang, H. Wang and R. Yang (2020), Plane Segmentation Based on the Optimal-vector-field in LiDAR Point Clouds, IEEE Transactions on Pattern Analysis and Machine Intelligence, doi: 10.1109/TPAMI.2020.2994935. (Early Access).3、Xu, S., X. Sun, J. Yun, and H. Wang (2020), A New Clustering-Based Framework to the Stem Estimation and Growth Fitting of Street Trees from MLS data, IEEE Journal of Selected Topics in Applied Earth Observations and Remote Sensing, vol. 13, pp. 3240-3250.4、Xu, S., Wang, R., Wang, H., and Zheng, H. (2020). An Optimal Hierarchical Clustering Approach to Mobile LiDAR Point Clouds. IEEE Transactions on Intelligent Transportation Systems,  21(7), 2765-2776.5、Xu, S., and Wang, R. (2019). Power Line Extraction from Mobile LiDAR Point Clouds. IEEE Journal of Selected Topics in Applied Earth Observations and Remote Sensing, 12(2), 734-743.6、Xu, S., Ye, N., and Xu, S. (2019). A new method for shoreline extraction from airborne LiDAR point clouds. Remote sensing letters, 10(5), 496-505.7、Xu, S., and Xu, S. (2018). A Minimum-Cost Path Model to the Bridge Extraction from Airborne LiDAR Point Clouds. Journal of the Indian Society of Remote Sensing, 46(9), 1423-1431.8、Xu, S., Xu, S., Ye, N., & Zhu, F. (2018). Automatic extraction of street trees’ nonphotosynthetic components from MLS data. International journal of applied earth observation and geoinformation, 69, 64-77.9、Xu, S., Ye, N., Xu, S., and Zhu, F. (2018). A supervoxel approach to the segmentation of individual trees from LiDAR point clouds. Remote sensing letters, 9(6), 515-523.10、Xu, S., Xu, S., Ye, N., and Zhu, F. (2018). Individual stem detection in residential environments with MLS data. Remote sensing letters, 9(1), 51-60.11、Xu, S., Wang, R., and Zheng, H. (2016). Road curb extraction from mobile lidar point clouds. IEEE Transactions on Geoscience and Remote Sensing, 55(2), 996-1009.12、徐昇, 业宁 等. (2013). Hopfield 网络在视差空间上的立体匹配求解. 计算机研究与发展, 50(5), 1021-1029. (EI)",
    "Patent": "（五）授权专利(部分)(1)宋军，李骏慧，刘云飞.一种水蒸气太赫兹吸收谱的测量方法，发明专利；(2)王一雄，周国平，宋军.一种针对矩形透明塑料袋的尺寸测量方法， 发明专利；(3)宋军，王一雄. 一种基于物联网的环境监测分站，实用新型专利；(4)宋军，李骏慧，一种基于RFID的失联提醒系统，实用新型专利；(5)宋军，李骏慧，李广昊.一种基于ARM微控制器的低压电机再启动装置，实用新型专利；(6)宋军.一种嵌入式系统的调试装置，实用新型专利；(7)宋军.一种基于ARM处理器的智能防雷箱，实用新型专利(8)宋军.一种新型嵌入式系统的中央处理器固定机构，实用新型专利(9)张宇，李广昊，宋军.一种用于室内光源定位的验证装置，实用新型专利；(10)宋军，王一雄, 李骏慧.一种空气质量检测传感器模块，实用新型专利；(11)鲁春军，宋军.一种用于电子屏幕的智能氛围灯具，实用新型专利;(12)鲁春军，宋军.屏幕氛围灯，外观专利。",
    "Achievements": "科研成果1、Jie Hu*,Ultra-broadband asymmetric acoustic transmission in a straight open duct, Applied Physics Express, 2020, 13(6),0665012、Jie Hu*, Bin Liang1 and Xiaojun Qiu ,High-efficiency collimation of airborne sound through a single deep-subwavelength aperture in an ultra-thin planar plate, Applied Physics Express, 2019, 12(2), 0270023、Jie Hu*, Bin Liang, Xiaojun Qiu, Transparent and Ultra-lightweight Design for Ultra-Broadband Asymmetric Transmission of Airborne Sound, Chinese Physics Letters, 2018, 35, 0243014、Yifan Zhu , Jie Hu et al. Fine manipulation of sound via lossy metamaterials with independent and arbitrary reflection amplitude and phase, Nature Communications, 2018, 9 (1) :1632,5、Zhong-ming Gu, Jie Hu, et al. Broadband non-reciprocal transmission of sound with invariant frequency, Scientific Reports, 2016，6, 198246、陈乐乐，胡洁*，矩形波导中宽带非对称声传输，声学学报，2020，45(5)7、胡洁*，王昊泽，平面超薄准直器件的参数依赖性，应用声学，2020，39(6)8、胡洁*，刘云飞, 含泡胶质体层的声透射特性研究，南京大学学报（自然科学）, 2013, 49(3): 394~401",
    "Class": "三、主讲课程数据库原理与应用（本科生）；计算思维（本科生）；计算机视觉（研究生）",
    "Research_projects": "科研课题与项目1、平面宽带非对称传播声学器件的研究与应用，国家自然科学基金项目，2019.01，主持；2、平面宽带单向传播声学器件的研究与应用，南京林业大学青年科技创新基金，2019.01，主持；3、数字图像处理的水印加密技术，南京林业大学科技创新基金，2006.01，主持；4、事件触发机制下时延动态网络系统的聚类同步分析与控制，江苏省自然科学基金青年项目，2015.07；5、具有变时延的随机动态网络系统聚类同步分析与控制，江苏省高校自然科学基金面上项目，2015.07.",
    "Services_Activities": "社会服务与学术活动1、2014.01参加NIIT公司为期一周的教学培训。；2、2014.03.29到上海参加Oracle公司高校合作内容研讨会；3、2014.04参加由江苏省教育厅、江苏省商务厅组织的江苏省服务外包人才培养（培训）工作交流会；4、2014.07到上海参加Oracle公司为期三周的校企合作等技术交流与培训。5、2015.07参加“2015高校共享课程实践夏令营”交流共享课程建设相关技术与问题。",
    "Award_status": "获奖情况2013.9 优秀指导教师    全国大学生电子设计竞赛江苏赛区组织委员会2013.11 优秀指导教师    江苏省高校大学生物理及实验科技作品创新竞赛组织委员会2014.8 优秀教育工作者    南京林业大学",
    "Contact_information": "联系方式Email：hujie@njfu.edu.cn办公电话： 85427137通讯地址：江苏省南京市龙蟠路159号 南京林业大学信息科学技术学院 （210037 ）",
    "Base_info": "胡洁，女，副教授、博士、硕士生导师。",
    "id": "0029",
    "img": "None",
    "Name": "胡洁"
}