[
    {
        "id": "0001",
        "Name": "刘云飞",
        "Research_direction": "研究方向：林木无损检测、林业物联网技术、微波与光学技术。",
        "img": "https://it.njfu.edu.cn//DFS//file/2018/12/24/20181224095020887uyswsk.jpg"
    },
    {
        "id": "0002",
        "Name": "业 宁",
        "Research_direction": "研究方向：生物信息学 数据挖掘 机器学习。",
        "img": "https://it.njfu.edu.cn//DFS//file/2018/12/24/20181224095450601m6vrek.jpg"
    },
    {
        "id": "0003",
        "Name": "蒋玲",
        "Research_direction": "研究方向：人工智能及机器学习算法研究与应用、太赫兹光谱及成像技术应用、射频电路设计。",
        "img": "https://it.njfu.edu.cn//DFS//file/2019/12/17/20191217165826924y5ukrd.jpg"
    },
    {
        "id": "0004",
        "Name": "业巧林",
        "Research_direction": "研究方向模式识别、机器学习、人工智能及其在林业上的应用。具体包括：1、基于深度学习的遥感图像分类、小目标检测与识别2、图像鲁棒特征提取3、距离度量学习4、多视图学习5、人工智能+林业（空间结构参数反演、可燃物影响因子监测与预测预报、可疑人员检测、防火等）",
        "img": "None"
    },
    {
        "id": "0005",
        "Name": "朱正礼",
        "Research_direction": "研究方向: 计算机网络、图像处理",
        "img": "None"
    },
    {
        "id": "0006",
        "Name": "吴芳",
        "Research_direction": "研究方向：自旋电子学、半导体器件设计。以低维尺度的半导体材料为研究对象，揭示半导体材料在原子尺度上的物理图像及机制，研究探索新型半导体材料的光电磁等性质，在此基础上设计一些新的信息功能材料，为进一步的自旋电子学器件的设计和生产提供理论依据和指导。相关工作发表SCI期刊论文40余篇（20多篇影响因子大于3.0），其中以第一作者或通讯作者在Nano Letter、J. Phys. Chem. Lett、Nanoscale、J. Mater. Chem. C、Appl. Phys. Lett等SCI期刊发表论文17篇，所发表的论文SCI他引超过500次。",
        "img": "https://it.njfu.edu.cn//DFS//file/2018/12/24/20181224095644941gcc1qq.png"
    },
    {
        "id": "0007",
        "Name": "张 丹",
        "Research_direction": "研究方向：自旋电子学、半导体器件设计。以低维尺度的半导体材料为研究对象，揭示半导体材料在原子尺度上的物理图像及机制，研究探索新型半导体材料的光电磁等性质，在此基础上设计一些新的信息功能材料，为进一步的自旋电子学器件的设计和生产提供理论依据和指导。相关工作发表SCI期刊论文40余篇（20多篇影响因子大于3.0），其中以第一作者或通讯作者在Nano Letter、J. Phys. Chem. Lett、Nanoscale、J. Mater. Chem. C、Appl. Phys. Lett等SCI期刊发表论文17篇，所发表的论文SCI他引超过500次。",
        "img": "https://it.njfu.edu.cn//DFS//file/2020/10/10/20201010115306276t4f69d.jpg"
    },
    {
        "id": "0008",
        "Name": "张福全",
        "Research_direction": "研究方向：自旋电子学、半导体器件设计。以低维尺度的半导体材料为研究对象，揭示半导体材料在原子尺度上的物理图像及机制，研究探索新型半导体材料的光电磁等性质，在此基础上设计一些新的信息功能材料，为进一步的自旋电子学器件的设计和生产提供理论依据和指导。相关工作发表SCI期刊论文40余篇（20多篇影响因子大于3.0），其中以第一作者或通讯作者在Nano Letter、J. Phys. Chem. Lett、Nanoscale、J. Mater. Chem. C、Appl. Phys. Lett等SCI期刊发表论文17篇，所发表的论文SCI他引超过500次。",
        "img": "None"
    },
    {
        "id": "0009",
        "Name": "胡春华",
        "Research_direction": "研究方向：数字图像处理、人工智能与模式识别、服务移动机器人目标人检测与跟踪以及三维可视化。近年来结合南京林业大学的特色，参与了“十二五”高科技计划项目的研究，先后主持了国家自然科学青年基金一项，国家博士后基金项目一项与十三五国家重点研发计划子课题任务一项，发表了10余篇学术论文。 2012年以后代表性学术期刊论文：(1) Chunhua Hu, Shaojie Pan, Huaiqing Zhang, Pingping Li. Trunk Model Establishment and Parameter Estimation for a Single Tree Using Multistation Terrestrial Laser Scanning. IEEE Access, 2020，（8）：102263-102277，doi:10.1109/ACCESS.2020.2998806.(SCI期刊)(2) Chunhua Hu, Zhou Pan, Tianci Zhong. Leaf and wood separation of poplar seedlings combining locally convex connected patches and K-means++ clustering from terrestrial laser scanning data. J. Appl. Remote Sens. 14(1), 018502 (2020), doi: 10.1117/1.JRS.14.018502.(SCI期刊)(3) Chunhua Hu, Xuan Liu, Zhou Pan, Pingping Li. Automatic Detection of Single Ripe Tomato on Plant Combining Faster R-CNN and Intuitionistic Fuzzy Set. IEEE Access, 2019, (7): 154683-154696. doi:10.1109/ACCESS.2019.2949343.(SCI期刊)(4) Chunhua Hu, Zhou Pan, Pingping Li. A 3D Point Cloud Filtering Method for Leaves Based on Manifold Distance and Normal Estimation. Remote Sensing, 2019, 11(2):198, doi: 10.3390/rs11020198. (SCI期刊)(5) Chunhua Hu, Pingping LI , Zhou PAN. Phenotyping of poplar seedling leaves based on a 3D visualization method. International Journal of Agricultural and Biological Engineering(IJABE), 2018,11(6):145-151. DOI: 10.25165/j.ijabe.20181106.4110.(SCI期刊)(6) 胡春华，李萍萍，金成磊，朱乐 .基于自适应差分进化算法拟合圆的树干胸径测量方法. 农业机械学报，2018，49(9)：183-188.(EI期刊)(7) 胡春华, 李萍萍. 树木三维可视化建模技术研究述评. 南京林业大学学报(自然科学版)，2015，39(6):148-153.(CSCD期刊)(8) 胡春华，李萍萍. 基于直觉模糊集的阔叶树苗叶片边缘检测. 南京林业大学学报(自然科学版), 2014,38(6):77-80.(CSCD期刊)(9) 胡春华，李萍萍，朱咏莉. 基于Levenberg Marquardt算法的杨树枝干建模. 农业机械学报， 2014, 45(10):272-276.(EI期刊)(10) 胡春华，李萍萍. 基于各向异性核扩散法的杨树叶特征降维. 农业机械学报，2013, 44(11):281~ 286.(EI期刊)",
        "img": "https://it.njfu.edu.cn//DFS//file/2020/09/01/202009010848214829zifn7.jpg"
    },
    {
        "id": "0010",
        "Name": "周雯",
        "Research_direction": "研究方向通信中的信号处理、多天线系统的优化设计、信息几何在工程的应用等。工作以来，在国家自然科学基金和省基金等项目的资助下，致力于通信系统的优化设计工作。研究了多天线系统的预编码设计，包括多小区干扰系统的线性预编码及TH非线性系统的预编码；分析了矢量OFDM系统在快变信道下的性能，并提出新的数据检测方法；还研究了具备能量采集功能的边缘计算系统中的资源分配、任务决策及能量管理等问题。相关研究成果发表在 IEEE Transactions on Communications、信号处理等国际/国内期刊上，其中SCI期刊论文20余篇。",
        "img": "None"
    },
    {
        "id": "0011",
        "Name": "郑小宏",
        "Research_direction": "研究方向通信中的信号处理、多天线系统的优化设计、信息几何在工程的应用等。工作以来，在国家自然科学基金和省基金等项目的资助下，致力于通信系统的优化设计工作。研究了多天线系统的预编码设计，包括多小区干扰系统的线性预编码及TH非线性系统的预编码；分析了矢量OFDM系统在快变信道下的性能，并提出新的数据检测方法；还研究了具备能量采集功能的边缘计算系统中的资源分配、任务决策及能量管理等问题。相关研究成果发表在 IEEE Transactions on Communications、信号处理等国际/国内期刊上，其中SCI期刊论文20余篇。",
        "img": "https://it.njfu.edu.cn//DFS//file/2022/09/26/20220926121853606lam7ss.png"
    },
    {
        "id": "0012",
        "Name": "赵剑锋",
        "Research_direction": "研究方向人工智能、电力电子技术在电力系统中的应用、新能源并网、智能微电网、储能。",
        "img": "None"
    },
    {
        "id": "0013",
        "Name": "林海峰",
        "Research_direction": "研究方向人工智能、电力电子技术在电力系统中的应用、新能源并网、智能微电网、储能。",
        "img": "https://it.njfu.edu.cn//DFS//network//szdw/i274151/1685414240750tiyskb.jpg"
    },
    {
        "id": "0014",
        "Name": "云 挺",
        "Research_direction": "研究方向人工智能、电力电子技术在电力系统中的应用、新能源并网、智能微电网、储能。",
        "img": "https://it.njfu.edu.cn//DFS//file/2018/12/24/20181224095801087zijiuq.jpg"
    },
    {
        "id": "0015",
        "Name": "杨绪兵",
        "Research_direction": "研究方向：模式识别、神经计算和计算机视觉及其应用研究，具体如下：1.模型设计和求解2.计算机模拟和数据可视化3.图像和视频的高精度标注、检测和识别，主要包括林火识别、基于视觉的森林资源测量4.围绕“智慧林业”，在“卫星-无人机-地面”监测的遥感图像上的应用研究开源数据和代码可访问https://github.com/xbyang1000",
        "img": "None"
    },
    {
        "id": "0016",
        "Name": "何煦岚",
        "Research_direction": "研究方向：嵌入式系统的开发与应用。",
        "img": "None"
    },
    {
        "id": "0017",
        "Name": "沈丽容",
        "Research_direction": "研究方向：信息系统，数据库",
        "img": "None"
    },
    {
        "id": "0018",
        "Name": "薛联凤",
        "Research_direction": "研究方向：图像处理",
        "img": "https://it.njfu.edu.cn//DFS//file/2018/12/24/201812241000379563pgj1h.jpg"
    },
    {
        "id": "0019",
        "Name": "汪向华",
        "Research_direction": "研究方向：自动化",
        "img": "https://it.njfu.edu.cn//DFS//file/2018/12/24/2018122410010786433i4qg.jpg"
    },
    {
        "id": "0020",
        "Name": "宋 军",
        "Research_direction": "研究方向：自动化",
        "img": "https://it.njfu.edu.cn//DFS//file/2018/12/24/201812241002407228kh155.jpg"
    },
    {
        "id": "0021",
        "Name": "徐 慧",
        "Research_direction": "研究方向：信号测试技术；智能仪器仪表",
        "img": "https://it.njfu.edu.cn//DFS//file/2018/12/24/20181224100311382k82eli.jpg"
    },
    {
        "id": "0022",
        "Name": "许艺瀚",
        "Research_direction": "研究方向：信息理论和无线通信、生态系统监测与建模、林草三维可视化",
        "img": "https://it.njfu.edu.cn//DFS//file/2023/08/06/202308061305018678fn46n.jpg"
    },
    {
        "id": "0023",
        "Name": "张黎宁",
        "Research_direction": "研究方向：遥感图像融合。",
        "img": "https://it.njfu.edu.cn//DFS//file/2018/12/24/20181224100521958yey7bh.jpg"
    },
    {
        "id": "0024",
        "Name": "刘砚一",
        "Research_direction": "研究方向：可重构器件与电路 细胞神经网络。",
        "img": "https://it.njfu.edu.cn//DFS//file/2018/12/24/201812241006045867um9k1.png"
    },
    {
        "id": "0025",
        "Name": "高德民",
        "Research_direction": "主要研究方向：计算机网络、物联网技术。目前研究合作课题组有：东南大学何田教授（美国明尼苏达大学）课题组、北京大学刘云淮教授课题组、新加坡科技设计大学蒋文超教授课题组和香港城市大学尹知萌教授课题组研究生情况：史东旭（2020年毕业，华硕集团）张  朔（2021年毕业，南京大学攻读博士学位）孙  权（2022年毕业，电视台）管志浩（2023年毕业，南京理工大学攻读博士学位）",
        "img": "None"
    },
    {
        "id": "0026",
        "Name": "范习健",
        "Research_direction": "研究方向：情感计算、模式识别、计算机视觉、以及人工智能相关的交叉研究。",
        "img": "https://it.njfu.edu.cn//DFS//file/2020/09/21/20200921075043846te3v1l.jpg"
    },
    {
        "id": "0027",
        "Name": "焦万果",
        "Research_direction": "研究方向：无线传感器网络、林业物联网。",
        "img": "https://it.njfu.edu.cn//DFS//file/2019/07/13/20190713144153166wfxrqr.jpg"
    },
    {
        "id": "0028",
        "Name": "徐昇",
        "Research_direction": "研究方向：三维空间信息处理，点云数据分析（目标分割、检测与识别），计算机视觉，图像处理等（更多请参考：https://lostagex.github.io）",
        "img": "https://it.njfu.edu.cn//DFS//file/2021/03/29/20210329085930770xpb5xs.jpg"
    },
    {
        "id": "0029",
        "Name": "胡洁",
        "Research_direction": "研究方向：声信号处理，声超构材料。",
        "img": "None"
    }
]