{
	"1":"林草学院、土木保持学院",
	"2":"材料科学与工程学院",
	"3":"化学工程学院",
	"4":"机械电子工程学院",
	"5":"土木工程学院",
	"6":"经济管理学院",
	"7":"人文社会科学学院",
	"8":"信息科学技术学院、人工智能学院",
	"9":"风景园林学院",
	"10":"理学院",
	"11":"外国语学院",
	"12":"艺术设计学院",
	"13":"家具与工业设计学院",
	"14":"轻工与食品学院",
	"15":"汽车与交通工程学院",
	"16":"生态与环境学院",
	"17":"马克思主义学院",
	"18":"生命科学学院"
}