{
    "Research_direction": "研究方向：人工智能及机器学习算法研究与应用、太赫兹光谱及成像技术应用、射频电路设计。",
    "Paper": "近五年发表论文1.      Yan Teng, Chun Li, Shaochen Li, Yuhua Xiao, and Ling Jiang*, “Efficient design method for terahertz broadband metasurface patterns via deep learning,” Optics and Laser Technology, 2023, 160 (109058).2.      Chun Li, Yan Teng, Siyu Duan, Yuhua Xiao, Yushun Jiang, Runfeng Su, Mei Yu, Yue Juan, Min Hua, Jingjing He, and Ling Jiang*, “Electrically terahertz switchable device based on superconducting composite structure metamaterial,” Applied Physics Letters, 2022, 121, 031702.3.      Chun Li, Yan Teng, Yuhua Xiao, Runfeng Su, Mei Yu, Yue Juan, Min Hua, Jingjing He, and Ling Jiang*, “Tunable terahertz electromagnetically induced transparency based on a composite structure superconducting metamaterial,” Applied Optics, 2022, 61 (32): 9398-9404.4.      圣阳，焦俊，滕燕，马鑫，李春，蒋玲*, “基于卷积神经网络和近红外光谱的茶叶品种和等级鉴别，” 分析科学学报，2022，38 (5): 552-560.5.      Yan Teng, Chun Li, Shaochen Li, Yuan Ren, Ling Jiang*, “Broadband terahertz multi-beam splitters with uniform power distribution based on coding metasurfaces,” Optical Materials, 2022, 126, 12228.6.      Qingxiao Ma, Yan Teng, Chun Li, Ling Jiang*, “Simultaneous quantitative determination of low-concentration ternary pesticide mixtures in wheat flour based on terahertz spectroscopy and BPNN,” Food Chemistry, 2022, 377, 132030.7.      马卿效，蒋玲*，李春，李天莹，“基于太赫兹光谱和机器学习算法的多元混合物定量研究，” 激光与光电子学进展，2022, 59, 19.8.      马鑫，王标，李春，马卿效，滕燕，蒋玲*，“基于中红外和远红外数据融合的油茶籽成熟度鉴别，”激光与光电子学进展，2022, 59, 19.9.      焦俊，圣阳，马鑫，李绍辰，滕燕，李春，蒋玲*，“基于近红外和远红外光谱信息融合的核桃品种鉴别研究，” 农业工程，2021, 11 (12): 35-41.10.  Qingxiao Ma, Chun Li, Biao Wang, Xin Ma, and Ling Jiang*, “Wavelength selection of terahertz time-domain spectroscopy based on a partial least squares model for quantitative analysis,” Applied Optics, 2021, 60 (19): 5638-5642.11.  Chun Li, Ling Jiang, Qingxiao Ma, Yan Teng, Borui Bian, Mei Yu, Min Hua, Xiaoming Liu, Jingjing He, Runfeng Su, and Chengtao Jiang，“Electrically tunable terahertz switch based on superconducting subwavelength hole arrays,” Applied Optics, 2021, 60 (25): 7530-7535.12.  Chun Li, Weili Li, Siyu Duan, Jingbo Wu, Benwen Chen, Shengxin Yang, Runfeng Su, Chengtao Jiang, Caihong Zhang, Biaobing Jin, Ling Jiang, Lin Kang, Weiwei Xu, Jian Chen, and Peiheng Wu, “Electrically tunable electromagnetically induced transparency in superconducting terahertz metamaterials,” Applied Physics Letters, 2021, 119, 052602.13.  焦俊，圣阳，王标，马卿效，李春，蒋玲*，“光谱技术在核桃检测领域的研究进展，”激光与光电子学进展，2021, 58 (22): 2200003-1-11.14.  Qingxiao Ma, Chun Li, Biao Wang, Xin Ma, and Ling Jiang*, “Wavelength selection of terahertz time-domain spectroscopy based on a partial least squares model for quantitative analysis,” Applied Optics, 2021, 60 (19): 5638-5642.15.  李天莹，李春，章龙，马卿效，蒋玲*，“基于色散校正的密度泛函理论的食品添加剂太赫兹光谱研究，”光谱学与光谱分析, 2021, 41 (5): 100-10416.  章龙，李春，李天莹，张岩，蒋玲*，“基于太赫兹光谱的牛黄及其易混品分类研究，”激光与光电子学进展，2020, 57 (23): 233001-1-717.  Tianying Li, Qi Yu, Long Zhang, Ling Jiang*, “Terahertz spectroscopy of amino acid crystals based on dispersion-correction functional theory,” Spectroscopy Letters, 2020, 53 (1): 55-6218.  马卿效，李春，李天莹，章龙，蒋玲*，“太赫兹光谱技术在农药检测领域的研究进展，”激光与光电子学进展，2020, 57 (13): 130006-1-919.      张岩，李春，蒋玲*，“新型太赫兹波束分离器的设计，”红外与激光工程，2020, 49 (5): 226-23220.      李天莹，蒋玲*，章龙，张岩，马卿效，王标，“太赫兹光谱技术在食品添加安全领域的研究进展”，食品工业科技，2019，40 (12): 359-36321.      余琦，蒋玲*，章龙，李天莹，张岩，“氨基酸的太赫兹光谱研究进展”，红外技术，2018，40 (2): 220-226.22.      虞江萍，李春，易雯婷，金飚兵，刘云飞，蒋玲*，“氨基酸的太赫兹光谱温度相关性研究”，光谱学与光谱分析，2018，38 (2): 386-393.23.      Wenting Yi, Jiangping Yu, Yutian Xu, Fang Wang, Qi Yu, Haijun Sun, Li Xu,Yunfei Liu, and Ling Jiang*, “Broadband terahertz spectroscopy of amino acids,” Instrumentation Science and Technology, 2017, 45 (4): 423–439.24.      Zhang Caihong, Liang Lanju, Ding Liang, Jin Biaobing*, Hou Yayi*, Li Chun, Jiang Ling, Liu Weiwei, Hu Wei, Lu Yanqing, Kang Lin, Xu Weiwei, Chen Jian, and Wu Peiheng, “Label-free measurements on cell apoptosis using a terahertz metamaterial-based biosensor,” Applied Physics Letters, 2016, 108 (24): 0-241105.25.      Ling Jiang, Jiangping Yu, Chun Li, Wenting Yi, Yutian Xu and Yunfei Liu，\"Investigation of the Temperature Dependence of THz Spectra of Amino Acids Based on THz spectroscopy and Density Functional Theory,\" 41th International Conference on Infrared, Millimeter, and Terahertz Waves, Copenhagen, 2016, Sep. 26-Oct. 1.26.      李有凯，蒋玲*,“无刷直流电机调速系统转矩脉动抑制方法研究，”现代电子技术, 2016，39 (7): 142-144",
    "Patent": "专利1．森林环境因子远程监测系统，发明专利，ZL 201410027793.6 2．一种基于物联网的环境监测分站及设计方法，发明专利，ZL 201110216309.0  3．基于MSP430单片机的手持式林业环境检测仪，实用新型专利，ZL 201220297157.1 4．人工林物联网可视化系统软件V1.0，计算机软件著作权，2013SR134461",
    "Achievements": "3、南京林业大学教学成果特等奖，2020年；4、江苏省本科生毕业设计（论文）优秀指导教师，2017年；5、南京林业大学优秀硕士论文指导教师，2015年；6、南京林业大学优秀女教职工，2015年；7、南京林业大学优秀青年科技工作者，2014年；8、第十批江苏省\"六大人才高峰\"高层次人才，2013年；9、第四届中国林学会梁希青年论文奖二等奖，2012年；10、江苏省高校\"青蓝工程\"中青年学术带头人，2012年",
    "Class": "承担课程：数据挖掘",
    "Research_projects": "主持的科研课题与项目1、国家自然科学基金面上项目，面向射电望远镜多波束接收机应用的超导超材料本振功率分配技术研究，2023年1月，主持；2、江苏省自然科学基金面上项目，基于松针叶绿素太赫兹分子动力学模型的松材线虫病监测研究，2016年7月，主持；3、南京智慧农业发展路径及对策研究，南京市科学技术委员会，2014年11月，主持；4、基于松木叶绿素太赫兹指纹谱的松材线虫病监测研究，国家自然科学基金青年基金，2013年1月，主持；5、基于太赫兹指纹谱技术的松材线虫病早期监测研究，江苏省自然科学基金青年基金，2012年8月，主持；6、太赫兹超导高灵敏度热电子探测器研究，教育部42批留学回国人员启动基金，2012年1月，主持；7、THz高灵敏度超导探测技术研究，江苏省高校自然科学研究基金，2011年1月，主持；8、松材线虫病的太赫兹特征谱诊断技术研究，南京林业大学，2010年1月，主持。",
    "Services_Activities": "近五年社会服务与学术活动1、第六届全国太赫兹年会，广州，2020年12月2、第43届国际红外毫米波太赫兹会议，日本，2018年9月3、第41届国际红外毫米波太赫兹会议，丹麦，2016年9月4、第40届国际红外毫米波太赫兹会议，香港，2015年8月5、第26届国际空间太赫兹技术年会，美国，2015年3月",
    "Award_status": "获奖情况1、江苏省优秀学术学位硕士论文指导教师，2022年；",
    "Contact_information": "联系方式邮箱：jiangling@njfu.edu.cn办公电话：025-85427692通讯地址：江苏省南京市龙蟠路159号 南京林业大学信息科学技术学院（210037）",
    "Base_info": "蒋玲，南京林业大学信息科学技术学院教授、博士生导师。2001年本科毕业于华中师范大学，2007年博士毕业于中国科学院紫金山天文台，2007-2009年任日本东京大学JSPS特别研究员。现任南京林业大学信息科学技术学院院长、江苏省政协委员、中国民主促进会南京林业大学支部主委，南京林业大学欧美同学会会长。目前为国家林草局森林精准培育与监测工程技术研究中心副主任、中国林学会林业计算机应用分会理事、南京多媒体信息技术学会理事，荣获江苏省高校“青蓝工程”中青年学术带头人、“六大人才高峰”高层次人才等称号。主持国家自然科学基金、江苏省自然科学基金等省部级项目10余项。撰写和指导学生发表论文60余篇，其中以第一作者和通讯作者发表论文40余篇。获江苏省教学成果一等奖1项、南京林业大学教学成果特等奖1项，指导学生获江苏省优秀硕士学位论文指导教师、江苏省优秀本科毕业论文二等奖等奖励。",
    "id": "0003",
    "img": "https://it.njfu.edu.cn//DFS//file/2019/12/17/20191217165826924y5ukrd.jpg",
    "Name": "蒋玲"
}