{
    "Research_direction": "研究方向通信中的信号处理、多天线系统的优化设计、信息几何在工程的应用等。工作以来，在国家自然科学基金和省基金等项目的资助下，致力于通信系统的优化设计工作。研究了多天线系统的预编码设计，包括多小区干扰系统的线性预编码及TH非线性系统的预编码；分析了矢量OFDM系统在快变信道下的性能，并提出新的数据检测方法；还研究了具备能量采集功能的边缘计算系统中的资源分配、任务决策及能量管理等问题。相关研究成果发表在 IEEE Transactions on Communications、信号处理等国际/国内期刊上，其中SCI期刊论文20余篇。",
    "Paper": "代表性论文[1]Wen Zhou, Junjuan Xia, Chunguo Li, et al. Joint precoder, reflection coefficients, and equalizer design for IRS-assisted MIMO systems [J]. IEEE Transactions on Communications, doi: 10.1109/TCOMM.2022.3168284.[2]Wen Zhou, Ling Xing, Junjuan Xia, et al. Dynamic computation offloading for MIMO mobile edge computing systems with energy harvesting [J]. IEEE Transactions on Vehicular Technology, 2021, 70(5): 5172-5177.[3]Wen Zhou, Chunguo Li, and Min Hua. Worst-Case robust MIMO transmission based on subgradient projection [J]. IEEE Communications Letters, 2021, 25(1): 239–243.[4]Yihan Xu, Xin Liu, Wen Zhou, et al. Generative adversarial LSTM networks learning for resource allocation in UAV-served M2M communications [J]. IEEE Wireless Communications Letters, 2021, 10(7): 1601-1605.[5]Jiale Liang, Zhenyue Xu, Yanan Xu, Wen Zhou, et al. Adaptive cooperative routing transmission for energy heterogeneous wireless sensor networks [J]. Physical Communications, 2021, doi: 10.1016/j.phycom.2021.101460.[6]Wen Zhou, Xutao Li, Haiqing Wu, et al. Predictive precoding based on the Grassmannian manifold for UAV-enabled cache-assisted B5G communication systems [J]. EURASIP Journal on Wireless Communications and Networking, 2020, doi: 10.1186/s13638-020-01731-3.[7]Chao Li, Wen Zhou, Kai Yu, et al. Enhanced secure transmission against intelligent attacks [J]. IEEE Access, 2019, 7: 53596-53602.[8]Wen Zhou, Xutao Li, Junjuan Xia, et al. Optimal pilot design for MIMO broadcasting systems based on the positive definite matrix manifold [J]. IEEE Access, 2019, 7: 99589-99601.[9]Wen Zhou, Dan Deng, Junjuan Xia, et al. The precoder design with covariance feedback for simultaneous information and energy transmission systems [J]. Wireless Communications and Mobile Computing, 2018, Article ID 8472186.[10]Dan Deng, Xutao Li, Lisheng Fan, Wen Zhou, et al. Secrecy analysis of multiuser untrusted amplify-and-forward relay networks [J]. Wireless Communications & Mobile Computing, 2017, Article ID 9580639.[11]Wen Zhou, Precoding methods for MIMO interference channels with channel covariance feedback [J]. IET Communications, 2015, 9(4): 517-525.[12]Wen Zhou and Shengli Zhang. The decision delay in finite-length MMSE-DFE systems [J]. Wireless Personal Communications, 2015, 83(1): 175-189.[13]唐政权, 杨磊, 周雯. 基于433MHz LoRa信号的森林传播特性研究[J]. 林业工程学报, in press. (EI)[14]周雯, 吴寅. 均值反馈下信息与能量传输系统的预编码设计[J]. 信号处理, 2018, 34(10): 1151-1159. (CSCD)[15]邓单, 周雯. 不可信无线中继网络中基于用户选择的安全通信研究[J]. 电子学报, 2017, 45(7): 1593-1600. (EI)[16]周雯, 张胜利, 多小区MIMO系统中的迫零型预编码方法[J]. 数据采集与处理, 2015, 30(4): 881-887. (CSCD)",
    "Patent": "发明专利[1] 一种多天线广播系统的导频系统及设计方法. 专利号: ZL 201710695861X[2] 一种信息与能量联合传输系统的预编码传输方法. 专利号: ZL 201611183202X[3] 一种基于信道协方差反馈的预编码方法.专利号: ZL 201610298142.X[4] 基于信道信息协方差的预编码方法和协作通信方法. 专利号: ZL 201410548178.X[5] 最小均方误差判决反馈均衡系统的最优判决时延搜索方法. 专利号: ZL 201310349561.8科研项目1、国家自然科学基金青年项目, 基于微分流形的信道估计与跟踪方法研究, 主持, 2017.01~2019.122、广东省自然科学基金, 不完全信道信息下MIMO无线信息与能量联合传输研究, 主持, 2016.06~2019.063、广东省自然科学基金, 第四代移动通信系统的小区干扰抑制问题研究, 主持, 2012.10~2014.104、汕头市科技计划项目, 新型无线信息和能量联合通信系统的设计和实现, 主持, 2015.10~2018.095、南京林业大学高学历人才项目, 鲁棒的无线信息与能量联合传输方案设计,主持, 2016.10~2019.096、横向课题, 关于一种多天线广播系统的导频系统及设计方法等1件专利的转让, 主持, 2021.7~2023.67、横向课题, 关于一种计算机软件测试用插槽等2件专利的转让, 主持,2021.11~2023.108、国家自然科学基金面上项目, 泛高斯干扰下无线随机网络物理层安全通信的研究, 参与, 2014.1~2017.12",
    "Achievements": "2、2016校教学成果一等奖（排名1/7）3、2016省本科优秀毕业设计省级三等奖（指导教师）4、2016校优秀本科教学质量2等奖5、2016校优秀毕业设计指导教师6、2018年校优秀工作者7、2016 “加成奖学金”优秀指导教师8、近5年指导本科生获得国家与省级竞赛奖项20余项二、科研工作近5年主持与第一参与人项目：1、国家自然科学基金面上项目，基于物联网视觉森林火灾监控系统设计，主持 (排名1/7)2、江苏省自然科学基金面上项目，主持 (排名1/7)3、教育部留学归国科研启动基金（50批），主持4、校引进高层次人才计划项目，复合传感器网络森林防火关键技术的研究，主持5、国家自然科学基金青年项目,基于生物能源收集的树木胸径监测关键技术研究，参加(排名2/7)6、江苏省自然科学基金青年项目，基于无线声发射传感器网络的古建筑木构件健康监测关键技术研究，结题优秀，参加(排名2/7)7、江苏省自然科学基金面上项目，基于能量补给型的林业物联网火险预警模型研究，参加(排名2/9)8、 江苏省自主创新项目，基于迁移学习的物联网林火预警系统关键技术研究，参加(排名2/11)9、国家自然科学基金面上项目, 基于无线声发射传感器网络的木本植物栓塞测定关键技术研究, 参加(排名2/9)10、江苏省农业农村厅, 基于机器视觉和边缘计算的茶树病虫害监测系统开发与应用,参加(排名2/11)三、其他1、先后指导硕士生30余名，申请与获批专利20余项、软件著作权10余项。2、 近5年来，发表SCI/EI、中科院1区、顶刊等高水平论文40余篇。3、 参编十三五农林重点规划教材1部。先后承担研究生与本科生课程《无线传感网络技术》、《无线传感网络操作系统》、《计算机概论》《计算机网络体系结构》、《微机系统与接口技术》、《汇编语言》、《Linux程序设计》、《Linux与shell编程》、《软件项目管理》、《通信原理》、《网络管理》、《计算机网络技术》、《操作系统》等课程。",
    "Class": "主讲的课程本科：通信原理、电磁场与电磁波等研究生：Optical Fiber Communications学生培养2018.12~2020.12, 指导大学生科技创新训练项目（省级重点），验收优秀多次指导本科生、研究生在国家级学科竞赛或数模竞赛获奖",
    "Research_projects": "科研课题与项目1、国家自然科学基金面上项目，原子层厚度的二维过渡金属化合物材料的理论设计，2015.1～2018.12，80万，主持2、国家自然科学基金青年项目，d0半导体纳米材料中磁性来源以及增强的物理机制研究，2013.1～2015.12，22万，主持3、江苏省自然科学基金面上项目，高温二维单原子层磁性材料的研究，2013.6～2016.12，10万，主持4、江苏省高校自然科学基金，金属-有机分子化合物作为高密度信息存储材料的研究，3万，主持5、南京林业大学杰出青年基金，2017.1～2020.12，25万，主持",
    "Services_Activities": "社会服务与学术活动担任Wireless Communications and Mobile Computing期刊专刊编辑，IEEE Transactions on Wireless Communications、Artificial Intelligence Review等多个学术杂志审稿人，国家自然科学基金评审人",
    "Award_status": "获奖情况1、2015年入选广东省高等学校优秀青年教师培养计划2、2019年指导本科生获得全国软件和信息技术专业竞赛一等奖3、2019年校级本科毕设优秀指导",
    "Contact_information": "联系方式：wzhou@njfu.edu.cn",
    "Base_info": "周雯，男，南京林业大学信息学院教授、工学博士、硕士生导师。",
    "id": "0010",
    "img": "https://it.njfu.edu.cn//DFS//file/2020/09/01/202009010848214829zifn7.jpg",
    "Name": "周雯"
}