{
    "Research_direction": "研究方向人工智能、电力电子技术在电力系统中的应用、新能源并网、智能微电网、储能。",
    "Paper": "四、近年指导学生论文1.   Chen, B.; Bai, D.; Lin, H.; Jiao, W. FlameTransNet: Advancing Forest Flame Segmentation with Fusion and Augmentation Techniques. Forests 2023, 14, 18872.   Chen, Gong, Renxi Cheng, Xufeng Lin, Wanguo Jiao, Di Bai, and Haifeng Lin (*). 2023. \"LMDFS: A Lightweight Model for Detecting Forest Fire Smoke in UAV Images Based on YOLOv7\" Remote Sensing 15, no. 15: 3790.3.   Wang, Yinkai, Renjie Xu, Di Bai, and Haifeng Lin (*). 2023. \"Integrated Learning-Based Pest and Disease Detection Method for Tea Leaves\" Forests 14, no. 5: 1012.4.   Qian, J.; Lin, J.; Bai, D.; Xu, R.; Lin, H (*). Omni-Dimensional Dynamic Convolution Meets Bottleneck Transformer: A Novel Improved High Accuracy Forest Fire Smoke Detection Model. Forests 2023, 14, 838.5.   王寅凯,曹磊,钱佳晨,林海峰(*).一种改进YOLOv5的多尺度像素林火识别算法[J].林业工程学报,2023,8(02):159-1656.   Xue, Z.; Xu, R.; Bai, D.; Lin, H (*). YOLO-Tea: A Tea Disease Detection Model Improved by YOLOv5. Forests 2023, 14, 415.7.   Lin, J.; Lin, H (*).; Wang, F. A Semi-Supervised Method for Real-Time Forest Fire Detection Algorithm Based on Adaptively Spatial Feature Fusion. Forests 2023, 14, 361.8.   Chen, G.; Zhou, H.; Li, Z.; Gao, Y.; Bai, D.; Xu, R.; Lin, H (*). Multi-Scale Forest Fire Recognition Model Based on Improved YOLOv5s. Forests 2023, 14, 315.9.   Lin, J.; Bai, D.; Xu, R.; Lin, H (*). TSBA-YOLO: An Improved Tea Diseases Detection Model Based on Attention Mechanisms and Feature Fusion. Forests 2023, 14, 619.10. Xue, Q.; Lin, H (*).; Wang, F. FCDM: An Improved Forest Fire Classification and Detection Model Based on YOLOv5. Forests 2022, 13, 2129.11. Qian, J.; Lin, H (*). A Forest Fire Identification System Based on Weighted Fusion Algorithm. Forests 2022, 13, 130112. Xue, Z.; Lin, H (*).; Wang, F. A Small Target Forest Fire Detection Model Based on YOLOv5 Improvement. Forests 2022, 13, 1332.13. Lin, J.; Lin, H (*).; Wang, F. STPM_SAHI: A Small-Target Forest Fire Detection Model Based on Swin Transformer and Slicing Aided Hyper Inference. Forests 2022, 13, 1603.14. Wanying Shen, Haifeng Lin (*). The chloroplast genome of Spiraea thunbergii (Rosaceae) [J]. Mitochondrial DNA Part B,2022, 7(10): 1879-188115. Changlan Sun, Haifeng Lin (*). The complete chloroplast genome and phylogenetic analysis of Citrus clementina (Rutaceae) [J]. Mitochondrial DNA Part B,2021, 6(10): 2926-292716. Qinghua Xu, Haifeng Lin (*). The complete chloroplast genome of Sisymbrium altissimum [J]. Mitochondrial DNA Part B,2021, 6(9): 2752-2753",
    "Patent": "近五年授权部分专利1.云挺,(1/3). A method of Individual tree crown segmentation from airborne LiDAR data using a novel Gaussian filter and energy function minimization.PCT international application. Submission number:364931, application number: CN2020/119150. 国际PCT专利2.云挺,(1/6).Leaf surface reconstruction and physically based deformation simulation based on the point cloud data. Patent number: 2020103131,Innovation patent of Australian. 澳大利亚发明3.云挺,(1/3). 基于激光扫描数据的树木冠层叶面积计算方法[P]. 申请年份 2016.5, 专利号ZL201610350345.9, 授权公告日2018.8, 授权公告号CN105806266B。(发明专利)4.云挺,(1/3). 一种基于激光点云数据的真实阔叶树器官分类识别方法[P].申请年份 2014.8, 专利号ZL201410436294.2, 授权公告日2019.4, 授权公告号CN105373814B。(发明专利)5.云挺,(1/4). 激光点云中林木参数评估方法[P].申请年份 2017.10,专利号ZL201710955957.5, 授权公告日2020.10,授权公告号CN107705309B, (发明专利)6.云挺,(1/4).一种基于激光雷达点云数据的树种分类方法.申请年份2018.10,专利号ZL201811263568.7,授权公告日2021.8,授权公告号CN109409429B, (发明专利)7.云挺,(1/4).一种面向树木激光点云的有效特征抽取与树种识别方法.申请年份2018.10,专利号ZL201811263570.4, 授权公告日2021.9,授权公告号CN109446986B, (发明专利)8.云挺,(2/3). 面向激光点云数据的阔叶树真实叶片建模与形变方法[P]. 申请年份 2014.9, 专利号ZL201410436293.8,批准年份2019.1, 授权公告号CN105654543B, (发明专利)",
    "Achievements": "2、2016校教学成果一等奖（排名1/7）3、2016省本科优秀毕业设计省级三等奖（指导教师）4、2016校优秀本科教学质量2等奖5、2016校优秀毕业设计指导教师6、2018年校优秀工作者7、2016 “加成奖学金”优秀指导教师8、近5年指导本科生获得国家与省级竞赛奖项20余项二、科研工作近5年主持与第一参与人项目：1、国家自然科学基金面上项目，基于物联网视觉森林火灾监控系统设计，主持 (排名1/7)2、江苏省自然科学基金面上项目，主持 (排名1/7)3、教育部留学归国科研启动基金（50批），主持4、校引进高层次人才计划项目，复合传感器网络森林防火关键技术的研究，主持5、国家自然科学基金青年项目,基于生物能源收集的树木胸径监测关键技术研究，参加(排名2/7)6、江苏省自然科学基金青年项目，基于无线声发射传感器网络的古建筑木构件健康监测关键技术研究，结题优秀，参加(排名2/7)7、江苏省自然科学基金面上项目，基于能量补给型的林业物联网火险预警模型研究，参加(排名2/9)8、 江苏省自主创新项目，基于迁移学习的物联网林火预警系统关键技术研究，参加(排名2/11)9、国家自然科学基金面上项目, 基于无线声发射传感器网络的木本植物栓塞测定关键技术研究, 参加(排名2/9)10、江苏省农业农村厅, 基于机器视觉和边缘计算的茶树病虫害监测系统开发与应用,参加(排名2/11)三、其他1、先后指导硕士生30余名，申请与获批专利20余项、软件著作权10余项。2、 近5年来，发表SCI/EI、中科院1区、顶刊等高水平论文40余篇。3、 参编十三五农林重点规划教材1部。先后承担研究生与本科生课程《无线传感网络技术》、《无线传感网络操作系统》、《计算机概论》《计算机网络体系结构》、《微机系统与接口技术》、《汇编语言》、《Linux程序设计》、《Linux与shell编程》、《软件项目管理》、《通信原理》、《网络管理》、《计算机网络技术》、《操作系统》等课程。",
    "Class": "主讲的课程本科：通信原理、电磁场与电磁波等研究生：Optical Fiber Communications学生培养2018.12~2020.12, 指导大学生科技创新训练项目（省级重点），验收优秀多次指导本科生、研究生在国家级学科竞赛或数模竞赛获奖",
    "Research_projects": "主持的科研课题与项目1、国家自然科学基金项目，大规模可再生能源的柔性直流并网系统及其稳定控制研究，主持2、国家自然科学基金项目，新型模块化多电平固态变压器及在柔性微网中应用基础研究，主持3、国家自然科学基金项目，智能型电力电子变压器及其在改善供电质量中的应用，主持4、江苏省重点研发计划，兆瓦级高效储能系统的模块化并联与应用关键技术研发，主持5、江苏省科技支撑计划，高压大功率变频谐振除冰装置关键技术研究，主持6、江苏省产学研前瞻性联合研究计划，智能型模块化电力电子变压器开发，主持7、国家科技支撑计划，电能质量复合控制技术及装置，子课题负责人",
    "Services_Activities": "七、社会服务与学术活动担任国际期刊“Forests” Guest Editor和“Journal of Healthcare Engineering”、 “Alexandria Engineering Journal”、 “Frontiers in Neuroscience”、 “Contrast Media & Molecular Imaging”、 “International Journal of Information Management”、 “Wireless Communications and Mobile Computing”和“The Journal of Supercomputing”等期刊的审稿 人，中国林学会计算机应用分会理事。",
    "Award_status": "近五年获奖情况1．2018年江苏省本科优秀毕业设计论文，2019.6，江苏省教育厅，江苏省一等奖，指导教师1/1。2.第七届中国林业学术大会森林经理分会场优秀报告一等奖。2019.11.中国林学会。报告人1/1。3.第十五届中国研究生数学建模竞赛   ，2018.11，   教育部学位与研究生教育发展中心，全国二等奖，指导教师1/1。4.江苏省计算机设计大赛   ，2019.5， 中国计算机设计大赛组委会，江苏省特等奖，指导教师1/1。5.第九届全国高校数学建模挑战赛，2019.6，中国优选法统筹法与经济数学研究会，全国二等奖，指导教师1/1。6.第十届中国大学生计算机设计大赛， 2017.7，   江苏省大学生计算机设计大赛组委会， 全国三等奖，排名  1/2。7.第十一届中国大学生计算机设计大赛 ，2018.7   ，江苏省大学生计算机设计大赛组委会 ，全国三等奖，排名       1/2。8.第七届中国大学生计算机设计大赛   ，2014.7， 中国大学生计算机设计大赛组委会，   全国三等奖，排名  2/2。9.第九届蓝桥杯全国软件和信息技术专业人才大赛，   2018.4 ，工业信息化部、中国电子学会、软件协会等，江苏  省一等奖   ，排名1/1。",
    "Contact_information": "联系方式邮箱：njyunting@qq.com",
    "Base_info": "林海峰，博士，研究员，硕导（电子科学与技术、电子信息），加拿大McMaster大学访问学者。研究方向为农林业灾害与资源管理、智慧林业（林业+人工智能）、林业物联网、深度学习，研究总体着眼于解决农林资源管理与灾害防控等信息化应用关键核心问题。一、主持科研项目（课题）1.   主持南京市现代农机装备与技术创新示范项目，智能化茶树病虫害遥感监测云边协同设备创新与应用，40万，2022年11月-2024年，在研2.   主持江苏省重点研发计划，基于迁移学习的物联网视觉林火预警系统关键技术研究与示范(BE2021716)，50万，2021年7月-2024年7月，在研3.   主持江苏省现代农机装备与技术示范推广项目，基于机器视觉和边缘计算的茶树病虫害监测系统开发与应用（NJ2021-19），50万，2021年9月-2024年8月，在研4.   主持江苏省地方标准项目，农业生产经营主体质量安全信用等级评价规范，5万，2021年3月-2022年10月，已结题。5.   主持江苏省农业科技自主创新项目， 基于迁移学习的物联网林火预警系统关键技术研究（编号CX(20)3038）（2020.9-2022.12），30万，已结题（优秀）。6.   主持江苏省自然科学基金，基于能量补给型的林业物联网火险预警模型研究（编号BK20191393）（2019.7-2022.12），10万，已结题。7.   主持江苏省地方标准项目，基于林业物联网的森林火险预警系统技术规范，5万，2016年10月-2019年10月，已结题。8.   主持江苏省自然科学基金，无线传感器网络技术在森林火险天气预警系统中的应用（编号BK20141474）（2014.7-2017.6），10万，已结题。9.   主持江苏省林业三新工程项目, 江苏省森林防火应急指挥系统关键技术集成与验证，50万，（LYSX[2014]07），（2014.08-2017.08）已结题。云挺，南京林业大学智慧林业方向，教授，博士生导师，主要从事农林人工智能参数反演、农林表型研究、林业数字孪生元宇宙、林业资源遥感监测等的教学与交叉学科的科研工作。主持国家自然科学基金2项，江苏省自然科学基金2项。以一作和通讯作者在《Remote Sensing of Environment》、《Agricultural and Forest Meteorology》、《Plant Phenomics》等一区二区期刊上发表学术论文80余篇，授权国际PCT美国专利一项、农林测绘类国家发明专利8项。目前担任江苏省智慧农业研究会理事、中国林学会计算机应用分会理事和中国地理信息产业协会委员等。学习工作经历1998.9-2002.6 南京理工大学，计算机学院，计算机应用技术，学士。2002.9-2004.6 南京理工大学，动力工程学院，兵器发射理论技术，硕士。2004.9-2008.5 南京理工大学，计算机学院，计算机应用技术，博士。2009.9-20012.5 东南大学，计算机学院，生物医学工程，博士后。2013.1-2014.1 江苏盐城经济信息化委员会，副主任，江苏省第六批科技镇长团成员。2014.1-2015.1 英国诺丁汉大学，生命科学学院，访问学者。2015.3-2017.3 南京林业大学，生物环境学院，生态环境专业，博士后。2008.5-至今  南京林业大学，林学院和信息学院，智慧林业专业，教授博导。承担科研项目1.点云建模与空气动力学的橡胶林台风损伤机制与安全分析；项目批准号： (No31770591)；国家自然科学基金面上项目，主持，2018.1-2021.12。(已结题)2.江苏省自然科学基金、江苏省农业创新项目等，主持，(在研)，2022.7-2024.7。3.基于激光点云和视觉计算的阔叶树林学参数反演研究(No31300472)。国家自然科学青年基金，主持，2014.1-2016.12。(已结题)4.基于激光点云的热带橡胶林风害相关参数反演与林木安全性评价 (RRI-KLOF201501)。2015年中国热带农业科学院橡胶研究所省部重点实验室及科学观测实验站重点开放课题，主持。2014.1-2015.12。(已结题)5.基于激光扫描的点云数据中林学生物参数挖掘研究(BK2012418)。江苏省自然科学基金青年基金，主持，2012.7-2015.6。(已结题)6.基于激光点云与空气动力学的林木参数反演与安全性分析(2016M601823)。中国博士后科学基金面上项目，主持，2016.10-2017.10。(已结题)7.激光点云与多光谱在农林测绘的研发及产业化。 南京市玄武区高层次创新创业人才引进计划。50万。项目号 5001  主持，2017.1-2020.12。(已结题)近五年发表的一作和通讯作者的学术论文1.Yun T, Jiang K, Li G, et al. Individual tree crown segmentation from airborne LiDAR data using a novel Gaussian filter and energy function minimization-based approach [J]. Remote Sensing of Environment, 2021, 256: 112307. (中科院一区，测绘学排名一)(高被引)2.Yun T, Cao L, An F, et al. Simulation of multi-platform LiDAR for assessing total leaf area in tree crowns [J]. Agricultural and Forest Meteorology, 2019, 276: 107610. (中科院一区)3.Xue X.B., Yun T*. Shortwave radiation calculation for forest plots using airborne LiDAR data and computer graphics, Plant phenomics. Volume 2022.(指导硕士生)(中科院一区)4.Zhang B., Yun T*. Simulating Wind Disturbances over Rubber Trees with Phenotypic Trait Analysis Using Terrestrial Laser Scanning, Forests. 2022 (指导本科生)5.丁竹娴,云挺*.基于深度学习与激光点云的橡胶林枝干重建及参数反演[J].农业工程学报, 2022, 38(08):187-199.(中国期刊卓越计划)(指导本科生)6.Chen, X., Yun, T*. Individual Tree Crown Segmentation Directly from UAV-Borne LiDAR Data Using the PointNet of Deep Learning [J], Forests, 2021. 12(2): 131. (指导硕士生)(高被引)7.Sun C, Yun T*, Individual Tree Crown Segmentation and Crown Width Extraction From a Heightmap Derived From Aerial Laser Scanning Data Using a Deep Learning Framework. Front. Plant Sci. 2022. 13:914974.(指导本科生)(中科院二区)8.Zhou Y, Yun, T*. Individual tree crown segmentation based on aerial image using superpixel and topological features [J]. Journal of Applied Remote Sensing, 2020, 14(2): 022210. (指导硕士生)9.Huang Z, Yun, T*. Retrieval of aerodynamic parameters in rubber tree orest based on the computer simulation technique and terrestrial laser scanning data [J]. Remote Sensing, 2020, 12(8): 1318. (指导硕士生) (中科院二区)10.Yun T, Jiang K, Hou H, An F, Chen B, Jiang A, Li W, Xue L. Rubber Tree Crown Segmentation and Property Retrieval Using Ground-Based Mobile LiDAR after Natural Disturbances. Remote Sensing. 2019; 11(8):903. (中科院二区)11.Wang, J, Yun, T*, “Individual Rubber Tree Segmentation Based on Ground-Based LiDAR Data and Faster R-CNN of Deep Learning [J],” Forests. 2019, 10(9): 793 (指导本科生)12.Xu, Q.F., Yun, T*. \"Extraction of Leaf Biophysical Attributes Based on a Computer Graphic-based Algorithm Using Terrestrial Laser Scanning Data [J].\" Remote Sensing. 2019 11(1), 15. (指导硕士生)(中科院二区)13.Yun T, An F, Li W, et al. A novel approach for retrieving tree leaf area from ground-based LiDAR [J]. Remote Sensing, 2016, 8(11): 942. (中科院二区)14.Xu, S., Yun, T*. Separation of Wood and Foliage for Trees from Ground Point Clouds using a Novel Least-cost Path Model [J]. IEEE Journal of Selected Topics in Applied Earth Observations and Remote Sensing. 2021, 14: 6414.15.Yun, T., et al., Using point cloud data for tree organ classification and real  leaf surface construction, Bulgarian Chemical Communications. 49(1), 2017.16.Yun, T., Study of Subtropical Forestry Index Retrieval Using Terrestrial Laser Scanning and Hemispherical Photography, Mathematical Problems in Engineering. 2015.17.Yun, T., et al., Leaf model reconstruction and mechanical deformation based on laser point cloud, International Journal Bioautomation, 11(10), 5600-5608, 2014.18.Yun, T., Semi-supervised Ultrasound Image Segmentation Based on Direction Energy and Texture Intensity, Appl. Math. Inf. 6(3), 737-743, Sep 2012.19.陈帮乾,云挺,安锋,寇卫利,李海亮,罗红霞,杨川,王琴飞,孙瑞,吴志祥.基于Landsat和Sentinel-2时间序列影像的海南西部橡胶林龙卷风灾情评估[J].遥感学报,2021,25(03):816-829.20.黄笑,云挺*,薛联凤,胡春华,陈帮乾.基于流体运动仿真的不同林冠形状抗风强度分析[J].南京林业大学学报(自然科学版),2019,43(02):107-113.21.云挺,张艳侠,王佳敏,薛联凤.基于移动激光扫描的橡胶林风害相关参数精准反演[J].光谱学与光谱分析,2018,38(11):3452-3463.SCI.22.卢晓艺,云挺,薛联凤,徐强法,曹林.基于树木激光点云的有效特征抽取与识别方法[J].中国激光,2019,46(05):411-422.EI.23.陈向宇,云挺,薛联凤,刘应安.基于激光雷达点云数据的树种分类[J].激光与光电子学进展,2019,56(12):203-214.",
    "id": "0014",
    "img": "https://it.njfu.edu.cn//DFS//file/2018/12/24/20181224095801087zijiuq.jpg",
    "Name": "云 挺"
}