{
    "Research_direction": "研究方向：模式识别、神经计算和计算机视觉及其应用研究，具体如下：1.模型设计和求解2.计算机模拟和数据可视化3.图像和视频的高精度标注、检测和识别，主要包括林火识别、基于视觉的森林资源测量4.围绕“智慧林业”，在“卫星-无人机-地面”监测的遥感图像上的应用研究开源数据和代码可访问https://github.com/xbyang1000",
    "Paper": "近年科研论文：1. Yang, X., et al. Preferred Vector Machine for Forest Fire Detection. Pattern Recognition, 2023, 143, 109722. (SCI期刊, JCR一区)2. Wang, Y.(研究生), Yang, X.(通讯作者), et al. Individual tree segmentation and tree-counting using supervised clustering. Computers and Electronics in Agriculture, 2023, 205, 107629. (SCI期刊, JCR一区) （注：汪洋，男，2023年毕业，现就职于南京莱斯信息）3. Yang, X., et al. High-Precision Real-Time forest fire video detection using One-Class mode. Forests, 2022, 13(11), 1826. (SCI期刊, JCR二区)4. Yang, X., et al. Pixel-level automatic annotation for forest fire image. Engineering Applications of Artificial Intelligence, 2021, 104, 104353. (SCI期刊, JCR二区)5. Yang, H.(研究生), Yang, X. (通讯作者), et al. Robust Plane Clustering Based on L1-Norm Minimization. IEEE Access, 2020, 8: 29489-29500. (SCI期刊，JCR二区)（注：杨红鑫，女，2020年毕业，主持江苏省研究生创新项目1项，4篇1作、2篇2作论文成功申博，现在加拿大攻博)6. Yang, X., et al. A random weighted Plane-Gaussian artificial neural network. Neural Computing and Applications, 2019, 31(12): 8681–8692. (SCI期刊, JCR二区)7. Yang, H.(研究生), Yang, X., et al. Finite norm large margin classifier. International Journal of Machine Learning and Cybernetics, 2019, 10(9): 2449–2457 (SCI期刊, 2019年JCR二区)8. Yang, X., et al. Piecewise Linear Regression Based on Plane Clustering. IEEE Access, 2019, 7: 29845-29855. (SCI期刊，2019年JCR二区)9. 杨绪兵, 葛彦齐（本科生）等. 基于矩阵模式的林火图像半监督学习算法.图学学报, 2019, 40(05):835-842. （SCD&CSCD）（注：葛彦齐，2017级本科生，主持的大学生创新项目验收优秀，现为电子科技大学研究生）10. 周健航（本科生）,杨绪兵等.马氏度量下局部化广义特征值最接近支持向量机. 南京师大学报(自然科学版), 2018, 41(04): 65-71. (SCD)（注：周健航，2014级本科生，现在澳门大学攻博，其个人主页：https://variablemental.github.io/richzhou/)",
    "Patent": "近五年授权部分专利1.云挺,(1/3). A method of Individual tree crown segmentation from airborne LiDAR data using a novel Gaussian filter and energy function minimization.PCT international application. Submission number:364931, application number: CN2020/119150. 国际PCT专利2.云挺,(1/6).Leaf surface reconstruction and physically based deformation simulation based on the point cloud data. Patent number: 2020103131,Innovation patent of Australian. 澳大利亚发明3.云挺,(1/3). 基于激光扫描数据的树木冠层叶面积计算方法[P]. 申请年份 2016.5, 专利号ZL201610350345.9, 授权公告日2018.8, 授权公告号CN105806266B。(发明专利)4.云挺,(1/3). 一种基于激光点云数据的真实阔叶树器官分类识别方法[P].申请年份 2014.8, 专利号ZL201410436294.2, 授权公告日2019.4, 授权公告号CN105373814B。(发明专利)5.云挺,(1/4). 激光点云中林木参数评估方法[P].申请年份 2017.10,专利号ZL201710955957.5, 授权公告日2020.10,授权公告号CN107705309B, (发明专利)6.云挺,(1/4).一种基于激光雷达点云数据的树种分类方法.申请年份2018.10,专利号ZL201811263568.7,授权公告日2021.8,授权公告号CN109409429B, (发明专利)7.云挺,(1/4).一种面向树木激光点云的有效特征抽取与树种识别方法.申请年份2018.10,专利号ZL201811263570.4, 授权公告日2021.9,授权公告号CN109446986B, (发明专利)8.云挺,(2/3). 面向激光点云数据的阔叶树真实叶片建模与形变方法[P]. 申请年份 2014.9, 专利号ZL201410436293.8,批准年份2019.1, 授权公告号CN105654543B, (发明专利)",
    "Achievements": "2、2016校教学成果一等奖（排名1/7）3、2016省本科优秀毕业设计省级三等奖（指导教师）4、2016校优秀本科教学质量2等奖5、2016校优秀毕业设计指导教师6、2018年校优秀工作者7、2016 “加成奖学金”优秀指导教师8、近5年指导本科生获得国家与省级竞赛奖项20余项二、科研工作近5年主持与第一参与人项目：1、国家自然科学基金面上项目，基于物联网视觉森林火灾监控系统设计，主持 (排名1/7)2、江苏省自然科学基金面上项目，主持 (排名1/7)3、教育部留学归国科研启动基金（50批），主持4、校引进高层次人才计划项目，复合传感器网络森林防火关键技术的研究，主持5、国家自然科学基金青年项目,基于生物能源收集的树木胸径监测关键技术研究，参加(排名2/7)6、江苏省自然科学基金青年项目，基于无线声发射传感器网络的古建筑木构件健康监测关键技术研究，结题优秀，参加(排名2/7)7、江苏省自然科学基金面上项目，基于能量补给型的林业物联网火险预警模型研究，参加(排名2/9)8、 江苏省自主创新项目，基于迁移学习的物联网林火预警系统关键技术研究，参加(排名2/11)9、国家自然科学基金面上项目, 基于无线声发射传感器网络的木本植物栓塞测定关键技术研究, 参加(排名2/9)10、江苏省农业农村厅, 基于机器视觉和边缘计算的茶树病虫害监测系统开发与应用,参加(排名2/11)三、其他1、先后指导硕士生30余名，申请与获批专利20余项、软件著作权10余项。2、 近5年来，发表SCI/EI、中科院1区、顶刊等高水平论文40余篇。3、 参编十三五农林重点规划教材1部。先后承担研究生与本科生课程《无线传感网络技术》、《无线传感网络操作系统》、《计算机概论》《计算机网络体系结构》、《微机系统与接口技术》、《汇编语言》、《Linux程序设计》、《Linux与shell编程》、《软件项目管理》、《通信原理》、《网络管理》、《计算机网络技术》、《操作系统》等课程。",
    "Class": "主讲课程：程序设计语言（本科生），C++程序设计（本科生），计算机程序设计（研究生），机器学习（研究生）",
    "Research_projects": "科研课题与项目：1. 江苏省自然科学基金项目：近似支持向量机的大规模稀疏学习及其扩展研究，江苏省科技厅，2012年7月，主持；2. 国家自然科学基金项目：基于广义核的多核学习及拓展研究，国家基金委，2014年1月，参与（排名第二）；3. 国家自然科学基金项目：鲁棒判别的多视角自适应子空间学习及其在异质图像识别上的应用研究，国家基金委，2019年1月，参与（排名第三）指导本科生：一、指导大学生创新项目[1]. 自动化系统在沥青质量综合检测方面的应用，15级本科生华治淳和王子岩主持，2018年省级指导项目，结题验收优秀[2]. 分块级的林火图像稀疏表示及识别问题的研究，17级本科生葛彦齐主持，2018年校级项目，结题验收优秀[3]. 基于深度学习的网页内容提取方法研究，18级本科生唐泽皓主持，2019年校级项目，结题验收优秀[4]. 林火图像半监督学习算法设计，17级本科生陆宇琪主持，2019年校级项目，结题验收优秀[5]. 基于迁移学习的深度林火识别问题研究，19级本科生赵宇晨主持，2021年校级项目，结题验收优秀[6]. 基于自然语言处理的新闻趋势分析系统，21级本科生马翊然主持，2023年省级一般项目立项，在研，2023-2025二、指导本科生学科竞赛[1] 2023年，指导本科生获江苏省大学生程序设计竞赛JSCPC铜牌2项。（评奖单位：省教育厅、省计算机协会）[2] 2022年，指导本科生获第十三届“蓝桥杯”全国总决赛二等奖1项、江苏赛区一、二等奖各1项。（评奖单位：工业和信息化部人才交流中心，中国软件行业协会）[3] 2020年，指导本科生获第十三届“蓝桥杯”全国总决赛三等奖1项（评奖单位：工业和信息化部人才交流中心，中国软件行业协会）[4] 两次获南京林业大学优秀毕业设计指导教师称号。（评奖单位：南京林业大学）[5] 2012.10，指导南京林业大学代表队，获“中国大学生服务外包创新创业大赛”全国三等奖。（教育部、商务部主办，评奖单位：中国大学生服务外包创新创业大赛组委会）[6] 2011.08，指导学生参加“第二届中国大学生服务外包创新应用大赛”，获团体优胜奖。教育部、商务部主办，评奖单位：中国大学生服务外包创新创业大赛组委会）[7] 2011.12，指导“全国信息技术应用水平大赛”C语言程序设计竞赛获全国一等奖。（评奖单位：教育部教育管理信息中心）",
    "Services_Activities": "七、社会服务与学术活动担任国际期刊“Forests” Guest Editor和“Journal of Healthcare Engineering”、 “Alexandria Engineering Journal”、 “Frontiers in Neuroscience”、 “Contrast Media & Molecular Imaging”、 “International Journal of Information Management”、 “Wireless Communications and Mobile Computing”和“The Journal of Supercomputing”等期刊的审稿 人，中国林学会计算机应用分会理事。",
    "Award_status": "近五年获奖情况1．2018年江苏省本科优秀毕业设计论文，2019.6，江苏省教育厅，江苏省一等奖，指导教师1/1。2.第七届中国林业学术大会森林经理分会场优秀报告一等奖。2019.11.中国林学会。报告人1/1。3.第十五届中国研究生数学建模竞赛   ，2018.11，   教育部学位与研究生教育发展中心，全国二等奖，指导教师1/1。4.江苏省计算机设计大赛   ，2019.5， 中国计算机设计大赛组委会，江苏省特等奖，指导教师1/1。5.第九届全国高校数学建模挑战赛，2019.6，中国优选法统筹法与经济数学研究会，全国二等奖，指导教师1/1。6.第十届中国大学生计算机设计大赛， 2017.7，   江苏省大学生计算机设计大赛组委会， 全国三等奖，排名  1/2。7.第十一届中国大学生计算机设计大赛 ，2018.7   ，江苏省大学生计算机设计大赛组委会 ，全国三等奖，排名       1/2。8.第七届中国大学生计算机设计大赛   ，2014.7， 中国大学生计算机设计大赛组委会，   全国三等奖，排名  2/2。9.第九届蓝桥杯全国软件和信息技术专业人才大赛，   2018.4 ，工业信息化部、中国电子学会、软件协会等，江苏  省一等奖   ，排名1/1。",
    "Contact_information": "联系方式：办公电话：025-85427464，Email：xbyang@njfu.edu.cn，工作QQ: 121202321 (learning)通讯地址：江苏省南京市龙蟠路159号 南京林业大学信息科学技术学院、人工智能学院(210037)",
    "Base_info": "杨绪兵，男，南京林业大学信息科学技术学院、人工智能学院教师，副教授、工学博士、硕士生导师。于2004年和2008年，分别获得南京航空航天大学“计算机软件与理论”和“计算机应用技术”专业的硕士、博士学位，师从陈松灿教授（https://parnec.nuaa.edu.cn/）。   2012-2018年，担任南京林业大学计算机科学与工程系副主任、系主任。2013.11-2014.11，获国家留学基金委资助，在美国亚利桑那州立大学访学一年，导师叶杰平教授。   从事模式识别、神经计算和计算机视觉等方面研究，主持江苏省自然科学基金1项、参与国家自然科学基金面上项目2项，发表论文60余篇，授权发明专利5项。   中国人工智能学会会员，ACM会员；江苏省人工智能专委会、数据挖掘与应用专委会委员。  担任IEEE Transactions on Neural Networks and Learning Systems, Pattern Recognition, Forests, Ecological Informatics, Fire，Fire Technology和《林业工程学报》等期刊审稿人。   指导本科生获得江苏省大学生创新项目、校优秀本科毕业设计。   担任“蓝桥杯”、CCPC和ICPC等学科竞赛指导教师。",
    "id": "0015",
    "img": "https://it.njfu.edu.cn//DFS//file/2018/12/24/20181224095801087zijiuq.jpg",
    "Name": "杨绪兵"
}