{
    "Research_direction": "研究方向：信息系统，数据库",
    "Paper": "近年科研论文：1. Yang, X., et al. Preferred Vector Machine for Forest Fire Detection. Pattern Recognition, 2023, 143, 109722. (SCI期刊, JCR一区)2. Wang, Y.(研究生), Yang, X.(通讯作者), et al. Individual tree segmentation and tree-counting using supervised clustering. Computers and Electronics in Agriculture, 2023, 205, 107629. (SCI期刊, JCR一区) （注：汪洋，男，2023年毕业，现就职于南京莱斯信息）3. Yang, X., et al. High-Precision Real-Time forest fire video detection using One-Class mode. Forests, 2022, 13(11), 1826. (SCI期刊, JCR二区)4. Yang, X., et al. Pixel-level automatic annotation for forest fire image. Engineering Applications of Artificial Intelligence, 2021, 104, 104353. (SCI期刊, JCR二区)5. Yang, H.(研究生), Yang, X. (通讯作者), et al. Robust Plane Clustering Based on L1-Norm Minimization. IEEE Access, 2020, 8: 29489-29500. (SCI期刊，JCR二区)（注：杨红鑫，女，2020年毕业，主持江苏省研究生创新项目1项，4篇1作、2篇2作论文成功申博，现在加拿大攻博)6. Yang, X., et al. A random weighted Plane-Gaussian artificial neural network. Neural Computing and Applications, 2019, 31(12): 8681–8692. (SCI期刊, JCR二区)7. Yang, H.(研究生), Yang, X., et al. Finite norm large margin classifier. International Journal of Machine Learning and Cybernetics, 2019, 10(9): 2449–2457 (SCI期刊, 2019年JCR二区)8. Yang, X., et al. Piecewise Linear Regression Based on Plane Clustering. IEEE Access, 2019, 7: 29845-29855. (SCI期刊，2019年JCR二区)9. 杨绪兵, 葛彦齐（本科生）等. 基于矩阵模式的林火图像半监督学习算法.图学学报, 2019, 40(05):835-842. （SCD&CSCD）（注：葛彦齐，2017级本科生，主持的大学生创新项目验收优秀，现为电子科技大学研究生）10. 周健航（本科生）,杨绪兵等.马氏度量下局部化广义特征值最接近支持向量机. 南京师大学报(自然科学版), 2018, 41(04): 65-71. (SCD)（注：周健航，2014级本科生，现在澳门大学攻博，其个人主页：https://variablemental.github.io/richzhou/)",
    "Patent": "近五年授权部分专利1.云挺,(1/3). A method of Individual tree crown segmentation from airborne LiDAR data using a novel Gaussian filter and energy function minimization.PCT international application. Submission number:364931, application number: CN2020/119150. 国际PCT专利2.云挺,(1/6).Leaf surface reconstruction and physically based deformation simulation based on the point cloud data. Patent number: 2020103131,Innovation patent of Australian. 澳大利亚发明3.云挺,(1/3). 基于激光扫描数据的树木冠层叶面积计算方法[P]. 申请年份 2016.5, 专利号ZL201610350345.9, 授权公告日2018.8, 授权公告号CN105806266B。(发明专利)4.云挺,(1/3). 一种基于激光点云数据的真实阔叶树器官分类识别方法[P].申请年份 2014.8, 专利号ZL201410436294.2, 授权公告日2019.4, 授权公告号CN105373814B。(发明专利)5.云挺,(1/4). 激光点云中林木参数评估方法[P].申请年份 2017.10,专利号ZL201710955957.5, 授权公告日2020.10,授权公告号CN107705309B, (发明专利)6.云挺,(1/4).一种基于激光雷达点云数据的树种分类方法.申请年份2018.10,专利号ZL201811263568.7,授权公告日2021.8,授权公告号CN109409429B, (发明专利)7.云挺,(1/4).一种面向树木激光点云的有效特征抽取与树种识别方法.申请年份2018.10,专利号ZL201811263570.4, 授权公告日2021.9,授权公告号CN109446986B, (发明专利)8.云挺,(2/3). 面向激光点云数据的阔叶树真实叶片建模与形变方法[P]. 申请年份 2014.9, 专利号ZL201410436293.8,批准年份2019.1, 授权公告号CN105654543B, (发明专利)",
    "Achievements": "科研成果1.大学计算机.南京：东南大学出版社.2013，9(第一主编)2.计算机应用技能.南京：东南大学出版社.2013，9(第一主编)3.C程序设计教程.南京：东南大学出版社.2015，9(第一主编)4.C程序设计案例教程.北京：高等教育出版社.2015,3(第二主编)5.竞争情报－中国企业生存的第四要素.北京图书馆出版社. 2003,3 (独立撰写)6.基于USB接口的无人值守机房管理系统开发. 计算机工程与设计.2007,19(第1作者,中文核心)7. 基于贝叶斯和可信度的糖尿病诊疗系统研究. 计算机与数字工程. 2011,11(第1作者 )8. 基于遗传算法的高校排课系统研究. 计算机与信息技术.2006,11 (第1作者 )9. 流媒体技术概述. 图书情报工作.2003,4(第1作者,中文核心)10.基于PB的通用自动组卷系统开发. 计算机与现代化. 2007,9( 第1作者 )11.论我国竞争情报教育体系的建立.中国图书馆学报. 2003,5 (第1作者 ,中文核心)12.图像边缘检测算法比较研究. 福建电脑.2011,5 (第1作者 )13.基于ASP的C语言教学系统开发. 高等理科教育.2007,4(第1作者)14.基于VPN的CIS设计方案研究.现代情报.2003,11(第1作者)15.C语言教学网站设计与开发. 计算机教育.2006,4(第1作者 )16.利用VPN技术构建安全的竞争情报系统. 中国信息导报. 2003,8 (第1作者 )  科研课题与项目1. 2007-2011年主持校校创新基金项目“基于内容的图像检索技术研究”（163070036）2.2005-2008年主持校十五引进人才基金项目“利用USB接口实现设备管理智能化”（PG200518）3.2006-2007年参与江苏省自然科学基金“基于原木断层扫描图像的计算机虚拟加工技术研究”（BK2005134）4.2015年主持南京林业大学《C程序设计》微课项目5.2012年主持国家教育部高等教育司组织的大学计算机课程改革项目中的子项目“基于计算思维和案例驱动的程序设计课程教学改革研究” （编号2-12-ZXM-06），已结题6.．2012年主持南京林业大学优秀教学团队项目“计算机基础课程 教学团队建设” 7. 2010.09-2011.09，主持南京林业大学第一批研究性教学试点课程立项项目“《计算机基础》研究性教学项目” 8. 2009.09-2010.10，主持南京林业大学第五批校级立项开发多媒体教学课件项目“《数据库原理及应用》多媒体课件开发” 9. 2006.09-2007.09，主持南京林业大学首批试题库建设项目“《计算机基础》试题库建设”，评为优秀10. 2003.07-2004.06，主持南京林业大学教育教学课题 “《C程序设计》网络教学课件开发（2003B19）”",
    "Class": "主讲课程：程序设计语言（本科生），C++程序设计（本科生），计算机程序设计（研究生），机器学习（研究生）",
    "Research_projects": "科研课题与项目1、嵌入式系统自动测试流程的开发，南京林业大学，2011年4月",
    "Services_Activities": "七、社会服务与学术活动担任国际期刊“Forests” Guest Editor和“Journal of Healthcare Engineering”、 “Alexandria Engineering Journal”、 “Frontiers in Neuroscience”、 “Contrast Media & Molecular Imaging”、 “International Journal of Information Management”、 “Wireless Communications and Mobile Computing”和“The Journal of Supercomputing”等期刊的审稿 人，中国林学会计算机应用分会理事。",
    "Award_status": "获奖情况1、2015年《c程序设计——for语句》微课作品，获江苏省二等奖和南京林业大学二等奖2、2011.12获全校青年教师讲课竞赛一等奖3、2012年获校本科教学质量一等奖4、2003、2004、2007三次被评为校优秀教师5、2009年被评为校“优秀女教职工”6、2009年获“2005-2008年教学活动成绩显著”奖7、2008年被评为毕业设计（论文）优秀指导老师8、2009年获南京林业大学教学成果三等奖",
    "Contact_information": "联系方式 办公电话：85427545通讯地址：江苏省南京市龙蟠路159号 南京林业大学信息科学技术学院 （210037 ）",
    "Base_info": "沈丽容，女，博士，副教授，南京林业大学信息学院计算机教学部。现任南京林业大学信息学院计算机教学部主任。",
    "id": "0017",
    "img": "https://it.njfu.edu.cn//DFS//file/2018/12/24/20181224095801087zijiuq.jpg",
    "Name": "沈丽容"
}