{
    "Research_direction": "研究方向：图像处理",
    "Paper": "近年科研论文：1. Yang, X., et al. Preferred Vector Machine for Forest Fire Detection. Pattern Recognition, 2023, 143, 109722. (SCI期刊, JCR一区)2. Wang, Y.(研究生), Yang, X.(通讯作者), et al. Individual tree segmentation and tree-counting using supervised clustering. Computers and Electronics in Agriculture, 2023, 205, 107629. (SCI期刊, JCR一区) （注：汪洋，男，2023年毕业，现就职于南京莱斯信息）3. Yang, X., et al. High-Precision Real-Time forest fire video detection using One-Class mode. Forests, 2022, 13(11), 1826. (SCI期刊, JCR二区)4. Yang, X., et al. Pixel-level automatic annotation for forest fire image. Engineering Applications of Artificial Intelligence, 2021, 104, 104353. (SCI期刊, JCR二区)5. Yang, H.(研究生), Yang, X. (通讯作者), et al. Robust Plane Clustering Based on L1-Norm Minimization. IEEE Access, 2020, 8: 29489-29500. (SCI期刊，JCR二区)（注：杨红鑫，女，2020年毕业，主持江苏省研究生创新项目1项，4篇1作、2篇2作论文成功申博，现在加拿大攻博)6. Yang, X., et al. A random weighted Plane-Gaussian artificial neural network. Neural Computing and Applications, 2019, 31(12): 8681–8692. (SCI期刊, JCR二区)7. Yang, H.(研究生), Yang, X., et al. Finite norm large margin classifier. International Journal of Machine Learning and Cybernetics, 2019, 10(9): 2449–2457 (SCI期刊, 2019年JCR二区)8. Yang, X., et al. Piecewise Linear Regression Based on Plane Clustering. IEEE Access, 2019, 7: 29845-29855. (SCI期刊，2019年JCR二区)9. 杨绪兵, 葛彦齐（本科生）等. 基于矩阵模式的林火图像半监督学习算法.图学学报, 2019, 40(05):835-842. （SCD&CSCD）（注：葛彦齐，2017级本科生，主持的大学生创新项目验收优秀，现为电子科技大学研究生）10. 周健航（本科生）,杨绪兵等.马氏度量下局部化广义特征值最接近支持向量机. 南京师大学报(自然科学版), 2018, 41(04): 65-71. (SCD)（注：周健航，2014级本科生，现在澳门大学攻博，其个人主页：https://variablemental.github.io/richzhou/)",
    "Patent": "近五年授权部分专利1.云挺,(1/3). A method of Individual tree crown segmentation from airborne LiDAR data using a novel Gaussian filter and energy function minimization.PCT international application. Submission number:364931, application number: CN2020/119150. 国际PCT专利2.云挺,(1/6).Leaf surface reconstruction and physically based deformation simulation based on the point cloud data. Patent number: 2020103131,Innovation patent of Australian. 澳大利亚发明3.云挺,(1/3). 基于激光扫描数据的树木冠层叶面积计算方法[P]. 申请年份 2016.5, 专利号ZL201610350345.9, 授权公告日2018.8, 授权公告号CN105806266B。(发明专利)4.云挺,(1/3). 一种基于激光点云数据的真实阔叶树器官分类识别方法[P].申请年份 2014.8, 专利号ZL201410436294.2, 授权公告日2019.4, 授权公告号CN105373814B。(发明专利)5.云挺,(1/4). 激光点云中林木参数评估方法[P].申请年份 2017.10,专利号ZL201710955957.5, 授权公告日2020.10,授权公告号CN107705309B, (发明专利)6.云挺,(1/4).一种基于激光雷达点云数据的树种分类方法.申请年份2018.10,专利号ZL201811263568.7,授权公告日2021.8,授权公告号CN109409429B, (发明专利)7.云挺,(1/4).一种面向树木激光点云的有效特征抽取与树种识别方法.申请年份2018.10,专利号ZL201811263570.4, 授权公告日2021.9,授权公告号CN109446986B, (发明专利)8.云挺,(2/3). 面向激光点云数据的阔叶树真实叶片建模与形变方法[P]. 申请年份 2014.9, 专利号ZL201410436293.8,批准年份2019.1, 授权公告号CN105654543B, (发明专利)",
    "Achievements": "科研成果1、《现代生态思维的价值视域》，清华大学学报，2006年4月；1、薛联凤,刘云飞等.纹理图像的局部区域提取方法，计算机应用研究，2006.6:153-155 2、薛联凤,刘云飞等.基于无监督的纹理分割，计算机应用与软件，2007.12 ,24(12):7-9  3、薛联凤,刘云飞等.基于图像处理的畸形竹材细胞壁晶区的特征研究，森林工程，2007.1,23(1):15-18 4、薛联凤,刘云飞等,竹材细胞壁晶区变化的图像处理，南京林业大学学报，2005.9.29(5):50-52 5、薛联凤,李为相等,一种基于区间数的扩展FCM聚类算法，化工自动化及仪表, 2010, 37( 8): 26-29 6、薛联凤,王伟军等，基于D-S证据理论与C均值聚类的图像分割，计算机与信息技术，2009.10：14-19 7、薛联凤，感兴趣区域提取方法的研究，计算机与信息技术，2009.04：34:36 8、刘云飞,薛联凤.毛竹生长过程结晶度的变化[J].南京林业大学学报(自然科学版),2006.9 9、徐惠,薛联凤等.声发射技术在刨花板力学性能检测中的应用[J].林产工业,2004.6,23-25 10、周又平,梅常彤,薛联凤等.新刨花形态自动识别系统的设计[J].林业科技开发,2007.9 11、王军、刘云飞，王伟军，薛联凤等，毛竹秆茎维管束图像的分割，东北林业大学学报，2009.1，37(1):105-107 12、高纪青，云挺， 薛联凤等，基于投影算法和活动轮廓模型的叶面积指数计算，西北林学院，2014，29（6）：149-156 13、嵇俊，云挺 ，薛联凤，张浩平等，基于激光点云数据的复杂植物叶片重建方法，西北林学院2014年第5期14、嵇俊，云挺 ，薛联凤，张浩平等，基于激光点云的阔叶树叶重建与形变方法，西北林学院2014年第5期16、刘俊焱，云挺，周宇，薛联凤，李正军，基于最小二乘的点云叶面拟合算法研究”，西北林学院学报，2014,30（5）：70~77 17、刘俊焱，云挺，周宇，薛联凤，基于移动最小二乘法的点云叶面三维建模，林业机械与木工设备，2014,42（9）：37~41 18、刘俊焱，陈云凤，云 挺，周 宇，薛联凤,基于多种优化SVM的林木冠层图像分割，林业科技开发19、刘俊焱，陈云凤，云 挺，周 宇，薛联凤，基于NCSPSO-AFSA优化SVM的林木冠层图像分割，西北农林科技大学学报21、高纪青，薛联凤，云 挺，基于鱼目摄像和地面激光雷达的真实叶面积指数计算，南京师范大学学报，VOL.37,No.4,2014.12:137-144 22、薛联凤，云 挺，嵇俊，高纪青，王宇飞，基于点云数据的阔叶树叶片重建研究，森林工程，VOL.31,No.1,2015.1:6-11 21、薛联凤，云 挺，罗毅，姚志安，基于流形学习的阔叶树叶面积指数的研究，森林工程，2015.6，已经录用22、张冬，薛联凤，云 挺，罗毅，姚志安，复杂拓扑结构的树干枝干重建算法，南京师范大学学报，2015.6，VOL.38,No.1,2015.5:128-136 23、张天安，云 挺，薛联凤 ，基于骨架提取的树木主枝干三维重建算法，南京师范大学学报，2014.12，VOL.14,No.4,2014.5:51-57 24、Yun, T.,Xue Lianfeng et al., “Leaf 3D reconstruction and mechanics deformation based on the laser point cloud,” International Journal Bioautomation, Sep 2014. EI 25．Yun, T.,Xue Lianfeng et al., “Leaf 3D reconstruction and mechanics deformation based on the laser point cloud,” International Journal Bioautomation, Sep 2014. EI",
    "Class": "主讲课程：程序设计语言（本科生），C++程序设计（本科生），计算机程序设计（研究生），机器学习（研究生）",
    "Research_projects": "科研课题与项目1. 薛联凤主持2014江苏省社会发展项目。基于物联网农作物生长应急干预系统的农村科技示范社区建设(SBE2014070966) 2. 薛联凤主持校创新基金“基于图像处理的竹材细胞图像的纹理区域的识别”（No163070024) （2005-2008），主要工作是通过基于区间数的扩展FCM聚类算法，分析竹材细胞壁图像纹理分布和生长过程结晶区变化的规律。3．薛联凤主持：十二五江苏省现代教育技术研究的《网络课程建设的理论研究与实践探索》（No2013-R-26955），2013年4．薛联凤指导：基于激光扫描的香樟树碳汇储备量分析研究（KYLX_0874)，江苏省普通高校学术学位研究生科研创新计划 2014.9-2015.7。负责硕士生的指导工作。5．薛联凤指导：基于激光扫描数据的香樟树林学指标分析研究（KYLX_0874)，省级大学生实践创新计划立项项目。2014.9-2015.7。负责本科生的指导工作。6．参与云挺支持江苏省自然科学基金：“基于激光扫描的点云数据中林学生物参数挖掘研究” (BK 164070863) （2012-2015）。项目参与，主要工作是做了流行学习算法研究和试验数据采集工作。7. 参与云挺支持国家自然科学基金项目“基于激光点云与视觉计算的林木参数的反演研究”（No31300472）（2013-2016）,主要参与工作是数据测量。8．参与云挺支持中国热带农业科学院橡胶研究所基本科研业务费专项 “基于激光点云的热带橡胶林风害相关参数反演与林木安全性评价”（RRI-KLOF201501）",
    "Services_Activities": "七、社会服务与学术活动担任国际期刊“Forests” Guest Editor和“Journal of Healthcare Engineering”、 “Alexandria Engineering Journal”、 “Frontiers in Neuroscience”、 “Contrast Media & Molecular Imaging”、 “International Journal of Information Management”、 “Wireless Communications and Mobile Computing”和“The Journal of Supercomputing”等期刊的审稿 人，中国林学会计算机应用分会理事。",
    "Award_status": "获奖情况1、2015年《c程序设计——for语句》微课作品，获江苏省二等奖和南京林业大学二等奖2、2011.12获全校青年教师讲课竞赛一等奖3、2012年获校本科教学质量一等奖4、2003、2004、2007三次被评为校优秀教师5、2009年被评为校“优秀女教职工”6、2009年获“2005-2008年教学活动成绩显著”奖7、2008年被评为毕业设计（论文）优秀指导老师8、2009年获南京林业大学教学成果三等奖",
    "Contact_information": "联系方式 办公电话：02585427545邮箱：285201972@QQ.com通讯地址：江苏省南京市龙蟠路159号 南京林业大学信息科学技术学院 （210037 ）",
    "Base_info": "薛联凤，女，南京林业大学 信息学院，副教授、硕士生导师。 现任南京林业大学信息科学技术学院计算机基础教学部副主任，1997年7月，于西北纺织学院“计算机应用”专业毕业，获得计算机学士学位。2002年至2005年在南京林业大学“木材科学技术”专业毕业获得木材科学与技术硕士学位。1997年7月至今在南京林业大学任教、副教授，硕士生导师，兼任 江苏省“微电脑学报”联络秘书，自从1997年以来，一直从事竹材、木材信息处理方面的研究工作，并且发表相关论文30多篇，软件著作权和发明专利12项，参加主持项目10项。",
    "id": "0018",
    "img": "https://it.njfu.edu.cn//DFS//file/2018/12/24/201812241000379563pgj1h.jpg",
    "Name": "薛联凤"
}