{
    "Research_direction": "研究方向：自动化",
    "Paper": "近年科研论文：1. Yang, X., et al. Preferred Vector Machine for Forest Fire Detection. Pattern Recognition, 2023, 143, 109722. (SCI期刊, JCR一区)2. Wang, Y.(研究生), Yang, X.(通讯作者), et al. Individual tree segmentation and tree-counting using supervised clustering. Computers and Electronics in Agriculture, 2023, 205, 107629. (SCI期刊, JCR一区) （注：汪洋，男，2023年毕业，现就职于南京莱斯信息）3. Yang, X., et al. High-Precision Real-Time forest fire video detection using One-Class mode. Forests, 2022, 13(11), 1826. (SCI期刊, JCR二区)4. Yang, X., et al. Pixel-level automatic annotation for forest fire image. Engineering Applications of Artificial Intelligence, 2021, 104, 104353. (SCI期刊, JCR二区)5. Yang, H.(研究生), Yang, X. (通讯作者), et al. Robust Plane Clustering Based on L1-Norm Minimization. IEEE Access, 2020, 8: 29489-29500. (SCI期刊，JCR二区)（注：杨红鑫，女，2020年毕业，主持江苏省研究生创新项目1项，4篇1作、2篇2作论文成功申博，现在加拿大攻博)6. Yang, X., et al. A random weighted Plane-Gaussian artificial neural network. Neural Computing and Applications, 2019, 31(12): 8681–8692. (SCI期刊, JCR二区)7. Yang, H.(研究生), Yang, X., et al. Finite norm large margin classifier. International Journal of Machine Learning and Cybernetics, 2019, 10(9): 2449–2457 (SCI期刊, 2019年JCR二区)8. Yang, X., et al. Piecewise Linear Regression Based on Plane Clustering. IEEE Access, 2019, 7: 29845-29855. (SCI期刊，2019年JCR二区)9. 杨绪兵, 葛彦齐（本科生）等. 基于矩阵模式的林火图像半监督学习算法.图学学报, 2019, 40(05):835-842. （SCD&CSCD）（注：葛彦齐，2017级本科生，主持的大学生创新项目验收优秀，现为电子科技大学研究生）10. 周健航（本科生）,杨绪兵等.马氏度量下局部化广义特征值最接近支持向量机. 南京师大学报(自然科学版), 2018, 41(04): 65-71. (SCD)（注：周健航，2014级本科生，现在澳门大学攻博，其个人主页：https://variablemental.github.io/richzhou/)",
    "Patent": "近五年授权部分专利1.云挺,(1/3). A method of Individual tree crown segmentation from airborne LiDAR data using a novel Gaussian filter and energy function minimization.PCT international application. Submission number:364931, application number: CN2020/119150. 国际PCT专利2.云挺,(1/6).Leaf surface reconstruction and physically based deformation simulation based on the point cloud data. Patent number: 2020103131,Innovation patent of Australian. 澳大利亚发明3.云挺,(1/3). 基于激光扫描数据的树木冠层叶面积计算方法[P]. 申请年份 2016.5, 专利号ZL201610350345.9, 授权公告日2018.8, 授权公告号CN105806266B。(发明专利)4.云挺,(1/3). 一种基于激光点云数据的真实阔叶树器官分类识别方法[P].申请年份 2014.8, 专利号ZL201410436294.2, 授权公告日2019.4, 授权公告号CN105373814B。(发明专利)5.云挺,(1/4). 激光点云中林木参数评估方法[P].申请年份 2017.10,专利号ZL201710955957.5, 授权公告日2020.10,授权公告号CN107705309B, (发明专利)6.云挺,(1/4).一种基于激光雷达点云数据的树种分类方法.申请年份2018.10,专利号ZL201811263568.7,授权公告日2021.8,授权公告号CN109409429B, (发明专利)7.云挺,(1/4).一种面向树木激光点云的有效特征抽取与树种识别方法.申请年份2018.10,专利号ZL201811263570.4, 授权公告日2021.9,授权公告号CN109446986B, (发明专利)8.云挺,(2/3). 面向激光点云数据的阔叶树真实叶片建模与形变方法[P]. 申请年份 2014.9, 专利号ZL201410436293.8,批准年份2019.1, 授权公告号CN105654543B, (发明专利)",
    "Achievements": "科研成果1、《A Study on the Testing of the 555-Chip Trigger Level》，2010 International Conference on System Science, Engineering Design and Manufacturing Informatization，EI：20105213530982；2、《基于单片机的推台锯控制系统的研究》，林产工业，2010.1 ；3、《基于常规芯片设计的波形合成电路》，山西电子技术，2010.5 。",
    "Class": "主讲课程：程序设计语言（本科生），C++程序设计（本科生），计算机程序设计（研究生），机器学习（研究生）",
    "Research_projects": "科研课题与项目1. 薛联凤主持2014江苏省社会发展项目。基于物联网农作物生长应急干预系统的农村科技示范社区建设(SBE2014070966) 2. 薛联凤主持校创新基金“基于图像处理的竹材细胞图像的纹理区域的识别”（No163070024) （2005-2008），主要工作是通过基于区间数的扩展FCM聚类算法，分析竹材细胞壁图像纹理分布和生长过程结晶区变化的规律。3．薛联凤主持：十二五江苏省现代教育技术研究的《网络课程建设的理论研究与实践探索》（No2013-R-26955），2013年4．薛联凤指导：基于激光扫描的香樟树碳汇储备量分析研究（KYLX_0874)，江苏省普通高校学术学位研究生科研创新计划 2014.9-2015.7。负责硕士生的指导工作。5．薛联凤指导：基于激光扫描数据的香樟树林学指标分析研究（KYLX_0874)，省级大学生实践创新计划立项项目。2014.9-2015.7。负责本科生的指导工作。6．参与云挺支持江苏省自然科学基金：“基于激光扫描的点云数据中林学生物参数挖掘研究” (BK 164070863) （2012-2015）。项目参与，主要工作是做了流行学习算法研究和试验数据采集工作。7. 参与云挺支持国家自然科学基金项目“基于激光点云与视觉计算的林木参数的反演研究”（No31300472）（2013-2016）,主要参与工作是数据测量。8．参与云挺支持中国热带农业科学院橡胶研究所基本科研业务费专项 “基于激光点云的热带橡胶林风害相关参数反演与林木安全性评价”（RRI-KLOF201501）",
    "Services_Activities": "七、社会服务与学术活动担任国际期刊“Forests” Guest Editor和“Journal of Healthcare Engineering”、 “Alexandria Engineering Journal”、 “Frontiers in Neuroscience”、 “Contrast Media & Molecular Imaging”、 “International Journal of Information Management”、 “Wireless Communications and Mobile Computing”和“The Journal of Supercomputing”等期刊的审稿 人，中国林学会计算机应用分会理事。",
    "Award_status": "获奖情况1、“全国大学生电子设计竞赛”二等奖指导教师，江苏赛区组委会，2010年；2、“2013～2014学年度优秀教师”，南京林业大学，2014年。",
    "Contact_information": "联系方式 办公电话：025-85427523通讯地址：江苏省南京市龙蟠路159号 南京林业大学信息科学技术学院 （210037 ）",
    "Base_info": "汪向华，女，南京林业大学信息科学技术学院电工与自动化系副主任，副教授。",
    "id": "0019",
    "img": "https://it.njfu.edu.cn//DFS//file/2018/12/24/2018122410010786433i4qg.jpg",
    "Name": "汪向华"
}