{
    "Research_direction": "研究方向：信号测试技术；智能仪器仪表",
    "Paper": "(一)科研论文(部分)[1] Song Jun, Xu Yihan, Liu Yunfei. Investigation on Estimator of Chirp Rate and Initial Frequency of LFM Signals Based on Modified Discrete Chirp Fourier Transform,Circuits, Systems, and Signal Processing (2019) 38:5861–5882.[2] Décio Alves-Lima, Song Jun, Xiaoran Li, et.al., Review of Terahertz Pulsed Imaging for Pharmaceutical Film Coating Analysis, Sensors, 2020, 20, 1441; doi:10.3390/s20051441(2020).[3] Song Jun; Engelbrecht, Sebastian; Fischer, Bernd M.Short-time Fourier Transform with Adaptive Windowing Size for THz-TDS, IRMMW-THz, v 2019-September(France), September 2019.[4] Song Jun, Gao Yue. Analysis and Detection of S-Shaped NLFM Signal Based on Instantaneous Frequency,Journal of Communications Vol. 10, No. 12, December 2015.[5] Song Jun, Ye Weidu. The Recognition of LFM-PRBC Multi-modulation Signal and Performance Analysis.Journal of Computational Information Systems 9: 23 (2013) 9347–9354.[6] Song Jun, Sun Ni. A Hybrid Algorithm for Fast Parameter Estimation of LFM Signal.2017 17th IEEE International Conference on Communication Technology.[7] Song Jun, Wang Yixiong, Liu Yunfei, \" Iterative Interpolation for Parameters Estimation of LFM Signal based on Fractional Fourier Transform\", Circuits, Systems & Signal Processing, 2013.12.[8] Song Jun, Liu Yunfei，\"An interpolation-based frequency estimator synthetic approach for sinusoid wave\",7th international Conference on Wireless Communications, Networking and Mobile Computing, WiCOM 2011。[9] Song Jun, Liu Yu, \"The Recognition of Hybrid Modulation Signal Combined with PRBC and LFM\", The 11th international Conference on Signal Processing, ICSP2012.[10] Song Jun, Liu Yunfei，\"Parameter Estimation of LFM Signal by Direct and Spline Interpolation Based on FrFT\", Proceedings of the 2012 International Conference on Information Technology and Software Engineering, Lecture Notes in Electrical Engineering Volume 210, 2013, pp 41-48.[11] 宋军，刘渝，FSK/BPSK复合调制信号识别与参数估计，电子与信息学报，2013.12.[12]胡国兵，吴珊珊，陈正宇，赵嫔姣，宋军，李昌利，基于GP分布拟合检验的LFM/BPSK处理结果可信性评估，电子学报，2019.1.[13]胡国兵，吴珊珊，杨忠，宋军，LFM/BPSK 混合调制信号盲处理结果可信性评估:一种简化的似然比算法. 电子学报，2019.9.[14] 宋军，刘渝，LFM信号参数估计的插值FRFT算法，系统工程与电子技术， 2011.10.[15] 宋军，刘渝，LFM信号参数估计的插值FrFT修正算法，信号处理，2012.1.[16] 宋军，王旭东，刘渝，LFM-BPSK复合调制信号识别与参数估计，南京航空航天大学学报，2013.2..[17] 宋军，刘渝，一种改进的窄带信号降噪算法及其应用，振动与冲击，2013.8.[18] 李骏慧，宋军，基于Cortex-M3的生态物联网数据采集分站设计，单片机与嵌入式系统应用，2011.10.[19]宋军，蒋玲，吴寅,数字电子技术课程思政融入的案例研究与探索, 教育现代化，2021.7.[20] 宋军，徐锋，物联网驱动下的嵌入式系统教学改革，单片机与嵌入式系统应用，2011,4 ，p1-3[21]宋军，王一雄，徐锋，面向物联网的嵌入式系统实验教学改革，实验室科学，2011,1.[22] 宋军，王一雄，徐锋，无线传感网背景下的信息类专业实践教学层次化设计，计算机教育，2014.12.[23] 宋军，徐慧，多进制基带信号功率谱密度的仿真分析，计算机仿真，2009.6, p 131-135[24] 宋军，徐锋，LPC2200的嵌入式系统中断设计，单片机与嵌入式系统应用，2008.10, p74-77。(二）科研与教改课题(1)基于WSN的森林火险尺模型与定位方法研究，江苏省高校自然科学基金项目，2013.9.主持；(2)物联网的信息安全与多传感器信息融合，南京林业大学创新基金项目，2011.9.主持；(3)智能环境监测示范项目-江苏省智能环保物联网示范工程子课题(江苏省经济和信息化委员会)2015.05，主要参与人；(4)教育部高等教育司产学研合作协同育人项目：专业大学生实践基地建设项目，2019，主持；(5)教育部高等教育司产学研合作协同育人项目：课程内容改革项目，2020，主持；",
    "Patent": "（五）授权专利(部分)(1)宋军，李骏慧，刘云飞.一种水蒸气太赫兹吸收谱的测量方法，发明专利；(2)王一雄，周国平，宋军.一种针对矩形透明塑料袋的尺寸测量方法， 发明专利；(3)宋军，王一雄. 一种基于物联网的环境监测分站，实用新型专利；(4)宋军，李骏慧，一种基于RFID的失联提醒系统，实用新型专利；(5)宋军，李骏慧，李广昊.一种基于ARM微控制器的低压电机再启动装置，实用新型专利；(6)宋军.一种嵌入式系统的调试装置，实用新型专利；(7)宋军.一种基于ARM处理器的智能防雷箱，实用新型专利(8)宋军.一种新型嵌入式系统的中央处理器固定机构，实用新型专利(9)张宇，李广昊，宋军.一种用于室内光源定位的验证装置，实用新型专利；(10)宋军，王一雄, 李骏慧.一种空气质量检测传感器模块，实用新型专利；(11)鲁春军，宋军.一种用于电子屏幕的智能氛围灯具，实用新型专利;(12)鲁春军，宋军.屏幕氛围灯，外观专利。",
    "Achievements": "科研成果 （1） 《低功耗土壤湿度控制仪设计》，传感器与微系统，2013年7月； （2） 《 基于RFID的定位技术》， 电脑知识与技术，2013年1月； （3） 《基于STM32的数据采集及显示系统的设计 》， 电脑知识与技术，2013年5月； （4） 《基于Labview的虚拟动态杨氏模量测试仪的设计 》， 计量与测试技术，2008年10月； （5） 《基于视频处理的运动车辆检测算法的研究》，液晶与显示  2012年1月 （6） 《基于GA的SVRM在传感器非线性校正中的研究》，仪表技术与传感器 ，   2012年12月； （7） 《基于传感网技术的无线智能抄水表系统设计》，工业控制计算机  2011年2月； （8）《一种应用于交通视频检测的快速边缘提取算法》 ，电子科技， 2013年2月； （9）《基于MSP430的智能汽车防撞系统》，电脑知识与技术，2013年10月； （10）实用新型专利：《具有脉搏体温测试功能手表》， ZL 201020164978.9 ， 2011年2月； （11）参与《植物线虫太赫兹特征光谱及其无标记基因识别研究》，国家自然科学基金。",
    "Class": "(8)南京林业大学课程思政示范专业建设-电子信息工程，2020.11.主持。",
    "Research_projects": "科研课题与项目1. 薛联凤主持2014江苏省社会发展项目。基于物联网农作物生长应急干预系统的农村科技示范社区建设(SBE2014070966) 2. 薛联凤主持校创新基金“基于图像处理的竹材细胞图像的纹理区域的识别”（No163070024) （2005-2008），主要工作是通过基于区间数的扩展FCM聚类算法，分析竹材细胞壁图像纹理分布和生长过程结晶区变化的规律。3．薛联凤主持：十二五江苏省现代教育技术研究的《网络课程建设的理论研究与实践探索》（No2013-R-26955），2013年4．薛联凤指导：基于激光扫描的香樟树碳汇储备量分析研究（KYLX_0874)，江苏省普通高校学术学位研究生科研创新计划 2014.9-2015.7。负责硕士生的指导工作。5．薛联凤指导：基于激光扫描数据的香樟树林学指标分析研究（KYLX_0874)，省级大学生实践创新计划立项项目。2014.9-2015.7。负责本科生的指导工作。6．参与云挺支持江苏省自然科学基金：“基于激光扫描的点云数据中林学生物参数挖掘研究” (BK 164070863) （2012-2015）。项目参与，主要工作是做了流行学习算法研究和试验数据采集工作。7. 参与云挺支持国家自然科学基金项目“基于激光点云与视觉计算的林木参数的反演研究”（No31300472）（2013-2016）,主要参与工作是数据测量。8．参与云挺支持中国热带农业科学院橡胶研究所基本科研业务费专项 “基于激光点云的热带橡胶林风害相关参数反演与林木安全性评价”（RRI-KLOF201501）",
    "Services_Activities": "社会服务与学术活动2013年9月—2014年7月参加江苏省科技镇长团活动，挂职江苏盐城市新洋经济区副镇长。",
    "Award_status": "获奖情况 （1） 江苏省TI杯一等奖，2007年9月，全国大学生电子设计竞赛 江苏赛区组委会； （2） 全国TI杯二等奖，2007年11月，全国大学生电子设计竞赛； （3） 江苏省TI杯一等奖，2009年11月，全国大学生电子设计竞赛 江苏赛区组委会； （4） 优秀指导教师奖，2009年10月，中国电子学会； （5） 全国竞赛三等奖，2011年5月，“毕昇杯”全国电子创新设计竞赛组委； （6） 江苏省TI杯二等奖，2013年11月，全国大学生电子设计竞赛 江苏赛区组委会。",
    "Contact_information": "联系方式 办公电话：025-85427136通讯地址：江苏省南京市龙蟠路159号 南京林业大学信息科学技术学院 （210037 ）",
    "Base_info": "汪向华，女，南京林业大学信息科学技术学院电工与自动化系副主任，副教授。宋军，男，工学博士、副教授，硕士生导师。现任南京林业大学信息科学技术学院物联网与电子工程系主任。2005年7月进入南京林业大学信息科学技术学院工作，2018年9月-2019年8月获江苏省高校优秀中青年骨干教师境外研修计划资助，在英国兰卡斯特大学工程系做访问学者。主要研究方向为自适应信号处理、信号参数估计、嵌入式仪器仪表、林业物联网系统设计。主持南京林业大学青年科技创新基金、江苏省高校自然科学基金等项目多项，参与国家自然科学基金、国家重点研发计划“林业资源培育及高效利用技术创新”重点专项：人工林资源监测关键技术研究项目、江苏省经信委智能环保物联网示范工程子课题项目各一项，获得梁希林业科学技术奖一项，第一作者发表研究论文20余篇，其中SCI和EI检索论文15篇，获授权发明专利1项，实用新型专利10余项，登记软件著作权15项，目前为Circuits systems and signal processing、《宇航学报》、《雷达学报》、《电讯技术》等多个期刊的审稿专家，兼任国际会议ICCT的技术委员会成员，南京市科技咨询专家库专家，江苏省高新技术企业评审专家，国家自然基金评审专家库专家。徐慧，女，南京林业大学信息科学与技术学院，副教授，硕士生导师 现为南京林业大学信息学院教学督导员，信息学院学术委员会委员。",
    "id": "0021",
    "img": "https://it.njfu.edu.cn//DFS//file/2018/12/24/20181224100311382k82eli.jpg",
    "Name": "徐 慧"
}