{
    "Research_direction": "主要研究方向：计算机网络、物联网技术。目前研究合作课题组有：东南大学何田教授（美国明尼苏达大学）课题组、北京大学刘云淮教授课题组、新加坡科技设计大学蒋文超教授课题组和香港城市大学尹知萌教授课题组研究生情况：史东旭（2020年毕业，华硕集团）张  朔（2021年毕业，南京大学攻读博士学位）孙  权（2022年毕业，电视台）管志浩（2023年毕业，南京理工大学攻读博士学位）",
    "Paper": "近五年部分发表论文：1.[IoT J2023] Demin Gao, Yunhuai Liu, Bin Hu,Lei Wang, Weiwei Chen, Yongrui Chen, Tian He , Time Synchronization based on Cross-Technology Communication for IoT Networks [J]. IEEE INTERNET OF THINGS JOURNAL,2023. DOI: 10.1109/JIOT.2023.3282202 （中科院一区，Top，IF=10.2）2.[NSDI2023]Jiazhao Wang, Wenchao Jiang,Ruofeng Liu,Bin Hu,Demin Gao, Shuai Wang, NN-Defined Modulator: Reconfigurable and Portable Software Modulator on IoT Gateways, NSDI: Networked Systems Design and Implementation,2023（CCF A）3. [IoT J2023] Demin Gao, Haoyu Wang, XiuZhen Guo, Lei Wang, Guan Gui, WeiZheng Wang, et al, Federated Learning Based on CTC for Heterogeneous Internet of Things [J]. IEEE INTERNET OF THINGS JOURNAL,2023. DOI: 10.1109/JIOT.2023.3282202 （中科院一区，Top，IF=10.2）4. [RS2023] Lin X, Cheng Y, Chen G, Demin Gao, et al. Semantic Segmentation of China’s Coastal Wetlands Based on Sentinel-2 and Segformer [J]. Remote Sensing, 2023, 15(15): 3714. (JCR Q1, Top)5.[TNSE2022] Demin Gao, Lei Wang, Bin Hu, Spectrum Efficient Communication for Heterogeneous IoT Networks, IEEE Transactions on Network Science and Engineering, 11 February 2022 , 10.1109/TNSE.2022.3150575 (JCR Q1, IF=6.6)6. [RS2022] Guan Z, Miao X, Mu Y, Demin Gao, et al. Forest fire segmentation from Aerial Imagery data Using an improved instance segmentation model [J]. Remote Sensing, 2022, 14(13): 3159. (JCR Q1, Top)7.[CC2021] Demin Gao, Shuai Wang, Yunhuai Liu, Wenchao Jiang, Zhijun Li, Tian He，Spoofing-Jamming Attack based on Cross-Technology Communication for Wireless Networks[J]，Computer Communications，2021(177):86-95(CCF 推荐，JCR Q1, IF=6.0，The 2023 Best Researcher Award on Internet of Things and Applications)8.[SCN2021] Quan Sun, Xinyu Miao,Zhihao Guan,Jin Wang, Demin Gao*, Spoofing Attack Detection Using Machine Learning in Cross-Technology Communication [J], Security and Communication Networks, 2021(CCF 推荐)9.[CC2021]Demin Gao, Maximum Network Throughput Based on Cross-Technology Communication for Sensor Networks[J], China Communications,2021,18(10): 30-44. (JCR Q1)10.[TVT2020] Demin Gao, Zhijun Li, Yunhuai Liu, Tian He, Neighbor Discovery based on Cross-Technology Communication for Mobile Applications [J], IEEE Transactions on Vehicular Technology,2020, 69(10): 11179-11191,DOI: 10.1109/TVT.2020.3008283 (JCR Q1, IF=6.8)11.[TSC2020] Lei Wang, Qiang He, Demin Gao, Jing Wan, and Yunqiu Zhang, “Temporal-Perturbation Aware Reliability Sensitivity Measurement for Adaptive Cloud Service Selection”, IEEE Transactions on Services Computing, 2020. (JCR Q1, IF=8.1)12.史东旭,高德民*,薛卫,张朔,张福全.基于物联网和大数据驱动的农业病虫害监测技术[J].南京农业大学学报,2019,42(05):967-974.（2020年南京农业大学学报最佳论文，2023学术精要(5-6月)高PCSI论文、高被引论文、高下载论文）",
    "Patent": "（五）授权专利(部分)(1)宋军，李骏慧，刘云飞.一种水蒸气太赫兹吸收谱的测量方法，发明专利；(2)王一雄，周国平，宋军.一种针对矩形透明塑料袋的尺寸测量方法， 发明专利；(3)宋军，王一雄. 一种基于物联网的环境监测分站，实用新型专利；(4)宋军，李骏慧，一种基于RFID的失联提醒系统，实用新型专利；(5)宋军，李骏慧，李广昊.一种基于ARM微控制器的低压电机再启动装置，实用新型专利；(6)宋军.一种嵌入式系统的调试装置，实用新型专利；(7)宋军.一种基于ARM处理器的智能防雷箱，实用新型专利(8)宋军.一种新型嵌入式系统的中央处理器固定机构，实用新型专利(9)张宇，李广昊，宋军.一种用于室内光源定位的验证装置，实用新型专利；(10)宋军，王一雄, 李骏慧.一种空气质量检测传感器模块，实用新型专利；(11)鲁春军，宋军.一种用于电子屏幕的智能氛围灯具，实用新型专利;(12)鲁春军，宋军.屏幕氛围灯，外观专利。",
    "Achievements": "研究成果1、A New Design for Reconfigurable XOR Function Based on CNNs，Connection Science， 2014 2、细胞神经网络实现时钟边沿可控双边沿D触发器，北京邮电大学学报， 2013 3、Implementing Dynamic Reconfigurable CNN-based Full-Adder，CNNA 2012，2012 4、基于MSD编码的FIR滤波器优化方法，《太原理工大学学报》，2011",
    "Class": "所授课程：数据库原理及应用，Python程序设计，物联网与智能感知",
    "Research_projects": "科研课题与项目1、2010年12月—2014年12月，主持并完成了《计算机基础》课程无纸化考试改革项目。2、2014年1月—2014年6月，主持并完成了《软件工程专业本科人才培养方案研究》项目。3、2014年6月，主持《案例驱动C程序设计》校级重点教材建设项目。4、2015年1月，主持“软件工程（嵌入式培养） 专业建设的研究与实践”项目。5、2015年1月，参与《数据结构》课程慕课建设项目，排名第3，项目组成员共12人。",
    "Services_Activities": "社会服务与学术活动1、2014.01参加NIIT公司为期一周的教学培训。；2、2014.03.29到上海参加Oracle公司高校合作内容研讨会；3、2014.04参加由江苏省教育厅、江苏省商务厅组织的江苏省服务外包人才培养（培训）工作交流会；4、2014.07到上海参加Oracle公司为期三周的校企合作等技术交流与培训。5、2015.07参加“2015高校共享课程实践夏令营”交流共享课程建设相关技术与问题。",
    "Award_status": "获奖情况2013.9 优秀指导教师    全国大学生电子设计竞赛江苏赛区组织委员会2013.11 优秀指导教师    江苏省高校大学生物理及实验科技作品创新竞赛组织委员会2014.8 优秀教育工作者    南京林业大学",
    "Contact_information": "联系方式: 办公电话：025-85427464邮       箱：dmgao@njfu.edu.cn gdmnj@163.com通讯地址：江苏省南京市龙蟠路159号 南京林业大学信息科学技术学院、人工智能学院 （210037 ）",
    "Base_info": "高德民，男，南京林业大学信息科学技术学院、人工智能学院，工学博士、副教授，CCF高级会员。2012年10月博士毕业于南京理工大学计算机科学与技术学院（钱焕延教授），2011年8月至2012年8月参加国家公派博士联合培养在澳大利亚卧龙岗大学电子计算机与通信工程专业学习（Kwan教授），2013年9月至2016年5月进入东南大学计算机科学与技术学院从事博士后研究（吴国新教授），2016年11月至2017年11月参加江苏省高校优秀中青年教师资助在美国明尼苏达大学计算机学院物联网工程专业学习（何田教授）。2018年开始在北京大学（刘云淮教授）指导下继续开展研究。工作期间承担和参与科技冬奥专项基金、国家自然科学基金、江苏省自然科学基金、江苏省未来网络科研基金、中国博士后特别资助基金、中国博士后基金、江苏省博士后基金、江苏省教育科学研究院教改课题等20余项，在IEEE INTERNET OF THINGS JOURNAL (IoT J)、NSDI、IEEE Transactions on Network Science and Engineering（TNSE）、IEEE Transactions on Vehicular Technology(TVT)，IEEE Transactions on Services Computing(TSC)、Computer Communications（CC）等期刊发表SCI检索论文30余篇，发明专利15项，获第五届梁希青年论文三等奖。目前是IEEE Transactions on Services Computing、IEEE Transactions on Network Science and Engineering、IEEE Transactions on Vehicular Technology、IEEE INTERNET OF THINGS JOURNAL等十多个国际期刊审稿人。Co-chair of ICBASE等指导学生获第七届中国互联网+大学生创新创业大赛国赛铜奖，第十二届挑战杯中国大学生创业计划竞赛国赛铜奖。指导学生获蓝桥杯、软件杯、大学生服务外包等竞赛国奖多次。指导本科生获2020年江苏省普通高校本专科优秀毕业设计（论文）三等奖，指导本科生连续获2012-2022年度国家级大学生创新创业训练计划项目和江苏省高等学校大学生实践创新训练计划项目10项。参编《Python与人工智能》教材一部。目前为国家林业局森林防火工程技术研究中心教学指导委员会委员、中国林学会森林与草原防火专业委员会第七届委员会委员、中国林学会林草计算机应用分会理事、江苏省信息技术应用学会监事、江苏省计算机学会计算机与通信学会理事、中国林学会青年工作委员会第三届委员会委员、江苏省研究生网络空间安全科研创新实践组织委员会委员等。",
    "id": "0025",
    "img": "https://it.njfu.edu.cn//DFS//file/2018/12/24/201812241006045867um9k1.png",
    "Name": "高德民"
}