{
    "Research_direction": "研究方向：三维空间信息处理，点云数据分析（目标分割、检测与识别），计算机视觉，图像处理等（更多请参考：https://lostagex.github.io）",
    "Paper": "四、论文发表（一作或者通讯）：1、Xia, S.; Chen, D.; Peethambaran, J.; Wang, P.; Xu, S* (2021). Point Cloud Inversion: A Novel Approach for the Localization of Trees in Forests from TLS Data. Remote Sens, 13(3), 338. doi:10.3390/rs13030338. (Early Access)2、Xu, S., R. Wang, H. Wang and R. Yang (2020), Plane Segmentation Based on the Optimal-vector-field in LiDAR Point Clouds, IEEE Transactions on Pattern Analysis and Machine Intelligence, doi: 10.1109/TPAMI.2020.2994935. (Early Access).3、Xu, S., X. Sun, J. Yun, and H. Wang (2020), A New Clustering-Based Framework to the Stem Estimation and Growth Fitting of Street Trees from MLS data, IEEE Journal of Selected Topics in Applied Earth Observations and Remote Sensing, vol. 13, pp. 3240-3250.4、Xu, S., Wang, R., Wang, H., and Zheng, H. (2020). An Optimal Hierarchical Clustering Approach to Mobile LiDAR Point Clouds. IEEE Transactions on Intelligent Transportation Systems,  21(7), 2765-2776.5、Xu, S., and Wang, R. (2019). Power Line Extraction from Mobile LiDAR Point Clouds. IEEE Journal of Selected Topics in Applied Earth Observations and Remote Sensing, 12(2), 734-743.6、Xu, S., Ye, N., and Xu, S. (2019). A new method for shoreline extraction from airborne LiDAR point clouds. Remote sensing letters, 10(5), 496-505.7、Xu, S., and Xu, S. (2018). A Minimum-Cost Path Model to the Bridge Extraction from Airborne LiDAR Point Clouds. Journal of the Indian Society of Remote Sensing, 46(9), 1423-1431.8、Xu, S., Xu, S., Ye, N., & Zhu, F. (2018). Automatic extraction of street trees’ nonphotosynthetic components from MLS data. International journal of applied earth observation and geoinformation, 69, 64-77.9、Xu, S., Ye, N., Xu, S., and Zhu, F. (2018). A supervoxel approach to the segmentation of individual trees from LiDAR point clouds. Remote sensing letters, 9(6), 515-523.10、Xu, S., Xu, S., Ye, N., and Zhu, F. (2018). Individual stem detection in residential environments with MLS data. Remote sensing letters, 9(1), 51-60.11、Xu, S., Wang, R., and Zheng, H. (2016). Road curb extraction from mobile lidar point clouds. IEEE Transactions on Geoscience and Remote Sensing, 55(2), 996-1009.12、徐昇, 业宁 等. (2013). Hopfield 网络在视差空间上的立体匹配求解. 计算机研究与发展, 50(5), 1021-1029. (EI)",
    "Patent": "（五）授权专利(部分)(1)宋军，李骏慧，刘云飞.一种水蒸气太赫兹吸收谱的测量方法，发明专利；(2)王一雄，周国平，宋军.一种针对矩形透明塑料袋的尺寸测量方法， 发明专利；(3)宋军，王一雄. 一种基于物联网的环境监测分站，实用新型专利；(4)宋军，李骏慧，一种基于RFID的失联提醒系统，实用新型专利；(5)宋军，李骏慧，李广昊.一种基于ARM微控制器的低压电机再启动装置，实用新型专利；(6)宋军.一种嵌入式系统的调试装置，实用新型专利；(7)宋军.一种基于ARM处理器的智能防雷箱，实用新型专利(8)宋军.一种新型嵌入式系统的中央处理器固定机构，实用新型专利(9)张宇，李广昊，宋军.一种用于室内光源定位的验证装置，实用新型专利；(10)宋军，王一雄, 李骏慧.一种空气质量检测传感器模块，实用新型专利；(11)鲁春军，宋军.一种用于电子屏幕的智能氛围灯具，实用新型专利;(12)鲁春军，宋军.屏幕氛围灯，外观专利。",
    "Achievements": "科研成果：1、Queue performance of cognitive radio networks with general primary user activity model，IET Communications，（SCI/EI）2015.10；2、Performance analysis and power allocation for the unsaturated two-user interference channel，IET Communications，（SCI/EI）2017.1；3、Effective of Power Control on Performance of Users in an Interference-Limited Network with Unsaturated Traffic, IEEE Transactions on Vehicular Technology, （SCI/EI）2017.03；4、能量收集认知传感器网络研究综述，电子技术应用，2018.10；5、Spectrum Efficiency of Jointing Adaptive Modulation Coding and Truncated ARQ With QoS Constraints，IEEE Access，（SCI/EI）2018.12；6、Queue Performance of Energy Harvesting Cognitive Radio Sensor Networks With Cooperative Spectrum Sharing，IEEE Access，（SCI/EI）2018.12；",
    "Class": "三、主讲课程数据库原理与应用（本科生）；计算思维（本科生）；计算机视觉（研究生）",
    "Research_projects": "五、主持的课题与项目1、江苏省自然科学基金（青年项目），BK20200784，主持（2020-）2、南京林业大学标志性成果培育项目，主持（2020-）3、中国博士后科学基金面上资助，2019M661852，主持（2019-）4、江苏省高校自然科学研究面上项目，19KJB520010，主持（2019-）5、南京林业大学高层次人才启动项目，主持（2019-）",
    "Services_Activities": "社会服务与学术活动1、2014.01参加NIIT公司为期一周的教学培训。；2、2014.03.29到上海参加Oracle公司高校合作内容研讨会；3、2014.04参加由江苏省教育厅、江苏省商务厅组织的江苏省服务外包人才培养（培训）工作交流会；4、2014.07到上海参加Oracle公司为期三周的校企合作等技术交流与培训。5、2015.07参加“2015高校共享课程实践夏令营”交流共享课程建设相关技术与问题。",
    "Award_status": "获奖情况2013.9 优秀指导教师    全国大学生电子设计竞赛江苏赛区组织委员会2013.11 优秀指导教师    江苏省高校大学生物理及实验科技作品创新竞赛组织委员会2014.8 优秀教育工作者    南京林业大学",
    "Contact_information": "联系方式邮    箱：xusheng@njfu.edu.cn通讯地址：江苏省南京市龙蟠路159号 南京林业大学信息科学技术学院（210037）",
    "Base_info": "徐昇，工学博士，副教授，硕导。2018年毕业于加拿大卡尔加里大学（University of Calgary），随后入职南京林业大学信息科学技术学院。目前在国内外期刊会议上发表论文30余篇，包括SCI期刊16篇，EI期刊、会议3篇，国内核心期刊11篇，近五年一作或通讯在IEEE Trans. TPAMI, IEEE Trans. TIST, IEEE Trans. TGARS等知名期刊上发表SCI论文10余篇。曾获江苏省优秀硕士毕业论文、加拿大阿尔伯塔省创新基金（31500加币/年）、中国林业学术大会优秀论文一等奖和梁希论文三等奖。入选江苏省“双创计划”科技副总、南京林业大学“水杉英才”计划F类。正在或曾经主持江苏省自然科学基金（青年项目）、江苏省高校自然科学基金、中国博士后面上基金、南京林业大学标志性成果培育项目等。指导本科生获得江苏省大学生创新项目、校优秀本科毕业设计和江苏省“蓝桥杯”等竞赛奖项。二、研究兴趣：",
    "id": "0028",
    "img": "https://it.njfu.edu.cn//DFS//file/2021/03/29/20210329085930770xpb5xs.jpg",
    "Name": "徐昇"
}